id,name,price,short_description,image,category-id,is_sale,sale_price
262731552,"GiÆ°á»ng xáº¿p gáº¥p gá»n di Ä‘á»™ng SUMIKA 386, khung thÃ©p, cÃ³ bÃ¡nh xe",1509000,"Vá»›i thiáº¿t káº¿ giÆ°á»ng Ä‘Æ¡n gáº¥p gá»n SUMIKA 386 phÃ¹ há»£p vá»›i nhá»¯ng khÃ´ng gian nhá» háº¹p nhÆ° cÄƒn há»™, chung cÆ°, vÄƒn phÃ²ng,â€¦ chiáº¿c giÆ°á»ng kiá»ƒu dÃ¡ng gáº¥p gá»n thÃ´ng minh SUMIKA khÃ´ng chá»‰ Ä‘em Ä‘áº¿n sá»± thuáº­n tiá»‡n khi b...",https://salt.tikicdn.com/cache/280x280/ts/product/83/a8/6b/956ee960ef88d022d4ea4f29f5975418.jpg,4,0,0
203757099,á»” Cáº¯m Äiá»‡n Du Lá»‹ch Quá»‘c Táº¿ Äa NÄƒng TÃ­ch Há»£p 3 Cá»•ng USB-A 1 Cá»•ng USB C. Cháº¥t Liá»‡u Nhá»±a PC Chá»‘ng ChÃ¡y PhÃ¹ Há»£p Vá»›i HÆ¡n 150 NÆ°á»›c. HÃ ng ChÃ­nh HÃ£ng Tamayoko,281000,MÃ” Táº¢ Sáº¢N PHáº¨MÂ á»” Cáº¯m Äiá»‡n Du Lá»‹ch Quá»‘c Táº¿ Äa NÄƒng Tamayoko - Trá»£ thá»§ khÃ´ng thá»ƒ thiáº¿u cá»§a báº¡nTÃ­ch há»£p 3 cá»•ng USB-A vÃ  1 cá»•ng USB type C cÃ´ng suáº¥t 15W cho phÃ©p sáº¡c nhanh nhiá»u thiáº¿t bá»‹ cÃ¹ng lÃºcC...,https://salt.tikicdn.com/cache/280x280/ts/product/a7/72/6a/23a78706cf8229b5eb38ce1ba4db31ba.png,4,0,0
73124602,BÃ¬nh Giá»¯ Nhiá»‡t Báº±ng ThÃ©p KhÃ´ng Gá»‰ Lock&Lock Vacuum Bottle LHC6180SLV (800ML),332000,Äáº·c Ä‘iá»ƒm ná»•i báº­tBÃ¬nh Giá»¯ Nhiá»‡t ThÃ©p KhÃ´ng Gá»‰ Vacuum Bottle Lock&Lock LHC6180FU (800ml) thiáº¿t káº¿ xÃ¡ch tay dá»… dÃ ng cho viá»‡c mang theo. MÃ u sáº¯c ná»•i báº­t mang Ä‘á»ƒn cáº£m giÃ¡c tráº» trung khi sá»­ dá»¥ng.BÃ¬nh...,https://salt.tikicdn.com/cache/280x280/media/catalog/producttmp/66/3d/43/a79f866f7ed71bcf4799085f9ffe6995.jpg,4,0,0
83412126,BÃ¬nh Giá»¯ Nhiá»‡t Lock&Lock Energetic One-Touch Tumbler LHC3249 - 550ML,272000,"Äáº·c Ä‘iá»ƒm ná»•i báº­tBÃ¬nh Giá»¯ Nhiá»‡t Lock&Lock Energetic One-Touch Tumbler LHC3249 - 550ML vá»›i thiáº¿t káº¿ náº¯p má»Ÿ má»™t cháº¡m dá»… dÃ ng, chá»‰ cáº§n Ä‘áº©y nháº¹ sang trÃ¡i Ä‘á»ƒ má»Ÿ khÃ³a Ä‘á»“ng thá»i má»Ÿ náº¯p.Miá»‡ng cá»‘c rá»™ng d...",https://salt.tikicdn.com/cache/280x280/ts/product/e1/8c/3c/9f3524fd1f998f292ec40da6647a7e80.jpg,4,0,0
53789448,"Bá»™ cÃ¢y lau nhÃ  tá»± váº¯t thÃ´ng minh, chá»•i lau nhÃ  360 Ä‘á»™, lau sáº¡ch khÃ´ nhanh - Parroti Pro PR01",439000,Â Â Â Báº N MUá»N MUA THÃŠM Sáº¢N PHáº¨M KHÃC Cá»¦A PARROTIÂ Bá»™ lau nhÃ  ProMax - Size Lá»›nThÃ¹ng rÃ¡c Parroti BinCá» bá»“n cáº§u Parroti SiliconÂ Bá»™ cÃ¢y lau nhÃ  thÃ´ng minh tá»± váº¯t Parr...,https://salt.tikicdn.com/cache/280x280/ts/product/36/82/31/40994bfa1587bda48fc83ffa0bae5a6d.png,4,0,0
99868980,BÃ¬nh Giá»¯ Nhiá»‡t Locknlock Bucket Tumbler LHC4269 540ml,267000,"Äáº·c Ä‘iá»ƒm ná»•i báº­tBÃ¬nh Giá»¯ Nhiá»‡t Locknlock Bucket Tumbler LHC4269 cÃ³ tay cáº§m cháº¯c cháº¯n thuáº­n tiá»‡n mang Ä‘i.Náº¯p bÃ¬nh vÃ  lÆ°á»›i lá»c Ä‘Æ°á»£c thiáº¿t káº¿ cÃ³ thá»ƒ thÃ¡o rá»i, giÃºp dá»… dÃ ng vá»‡ sinh.Náº¯p cÅ©ng Ä‘Æ°á»£c trang...",https://salt.tikicdn.com/cache/280x280/media/catalog/producttmp/02/c8/60/6091f8204ac012737135c39001b0dab4.jpg,4,0,0
84566545,á»” cáº¯m Ä‘iá»‡n Ä‘a nÄƒng káº¿t há»£p á»• cáº¯m USB Nakagami cháº¥t lÆ°á»£ng cao cÃ´ng nghá»‡ Nháº­t Báº£n - MÃ u ngáº«u nhiÃªn,159000,á»” cáº¯m Ä‘a nÄƒng USBÂ Nakagami cÃ´ng nghá»‡ Nháº­t Báº£n.Â Sáº£n pháº©m á»• cáº¯m Ä‘iá»‡n Nakagami cÃ³ thiáº¿t káº¿ kiá»ƒu dÃ¡ng nhá» gá»n cÃ³ thá»ƒÂ sá»­ dá»¥ng Ä‘a nÄƒngÂ cho nhiá»u vá»‹ trÃ­ trong gia Ä‘Ã¬nh báº¡n. Thiáº¿t káº¿ bao gá»“m 2 lá»— cáº¯m USB vÃ Â ...,https://salt.tikicdn.com/cache/280x280/ts/product/5d/44/7a/df37b4d47bc5d72e0ca6e47f506fb0c8.jpg,4,0,0
33067171,Ão mÆ°a dÃ¢y kÃ©o váº£i dÃ¹ tá»• ong chá»‘ng tháº¥m ( nhiá»u mÃ u),99750,"Ão mÆ°a dÃ¢y kÃ©o váº£i dÃ¹ tá»• ong chá»‘ng tháº¥m nhiá»u mÃ u,cháº¥t váº£i dÃ¹ siÃªu nháº¹ ,thÃ­ch há»£p cho cáº£ nam vÃ  ná»¯.Kiá»ƒu dÃ¡ng nhá» gá»n, mÃ u sáº¯c tÆ°Æ¡i sÃ¡ng, gá»n nháº¹, dá»… dÃ ng gáº¥p gá»n báº£o quáº£n.Thiáº¿t káº¿ to, rá»™ng mÃ  khÃ´ng náº·...",https://salt.tikicdn.com/cache/280x280/ts/product/19/72/1e/acdee09fbf0bbb0c2a21fcf0b4d34a48.jpeg,4,0,0
58804363,Dá»¥ng cá»¥ bÄƒm rau cá»§ quáº£ Lock&Lock Quick Chopper,117000,"Lá»±c bÄƒm nghiá»n máº¡nh nhá» hoáº¡t Ä‘á»™ng báº±ng phÆ°Æ¡ng phÃ¡p xoay vÃ  ba lÆ°á»¡i dao báº±ng thÃ©p khÃ´ng gá»‰.Náº¿u báº¡n kÃ©o thanh kÃ©o nhiá»u láº§n, ba lÆ°á»¡i dao sáº½ quay nhanh vÃ  bÄƒm Ä‘á»u rau cá»§.LÆ°á»¡i dao báº±ng thÃ©p khÃ´ng gá»‰ k...",https://salt.tikicdn.com/cache/280x280/ts/product/59/a2/fb/1d39343a464cfb7df28929aab83610e1.jpg,4,0,0
169848307,"Ká»‡ Wifi Treo TÆ°á»ng 2 Táº§ng KhÃ´ng Cáº§n Khoan Äá»ƒ Äáº§u Thu Ká»¹ Thuáº­t Sá»‘, Remote, Äiá»‡n Thoáº¡i - IG407",60000,Sáº£n pháº©m Ká»‡ Treo TÆ°á»ng Äá»‹nh Tuyáº¿n Wifi - IG407 IGA lÃ  má»™t mÃ³n hÃ ng ná»™i tháº¥t trang trÃ­ nhá» gá»n tiá»‡n lá»£i dÃ nh cho phÃ²ng khÃ¡ch nhÃ  báº¡n.Ká»‡ gá»— wifi treo tÆ°á»ng chá»©a thiáº¿t bá»‹ phÃ¡t sÃ³ng wifi sáº½ tÃ´ ...,https://salt.tikicdn.com/cache/280x280/ts/product/c0/20/26/d18b12c8541c13c0a059761cd6a3159d.png,4,0,0
71890908,BÃ´Ì£ lau nhÃ  xoay 360 Ä‘Ã´Ì£ Sunhouse KS-CL330S,275000,ThÃ¹ng giáº·t báº±ng nhá»±a cháº¯c cháº¯nBá»™ lau nhÃ  xoay 360 Ä‘á»™ SUNHOUSEÂ KS-CL330SÂ Ä‘Æ°á»£c thiáº¿t káº¿ tiá»‡n dá»¥ng vá»›i thÃ¹ng váº¯t lÃ m báº±ng nhá»±a tá»•ng há»£p vá»›i 2 mÃ u sáº¯c báº¯t máº¯t lÃ  xanh lÃ¡ cÃ¢y vÃ  mÃ u tÃ­m. KÃ­ch thÆ°á»›c phÃ¹ há»£...,https://salt.tikicdn.com/cache/280x280/ts/product/76/9d/74/dbeb4e29556d9efeaf86e2b2e54db741.png,4,0,0
92453371,"Ão MÆ°a CÃ¡nh DÆ¡i CÃ³ Kiáº¿ng ÄÃ¨n, Ão MÆ°a Kiáº¿ng ÄÃ¨n Váº£i DÃ¹ Loáº¡i SiÃªu DÃ y, HÃ ng Viá»‡t Nam, Khá»• To Rá»™ng, Chá»‘ng Tháº¥m Hiá»‡u Quáº£, PhÃ¹ Há»£p Nam VÃ  Ná»¯, CÃ³ TÃºi Äá»±ng, CÃ³ Lá»±a Chá»n MÃ u Sáº¯c",123500,"- Ão mÆ°a cÃ³ kiá»ƒu dÃ¡ng háº¿t khá»• to rá»™ng, Ä‘Æ°á»£c thiáº¿t káº¿ thÃªm tÃºi Ä‘á»±ng nÃªn dá»… dÃ ng gáº¥p gá»n báº£o quáº£n.Â Â  Â  Â  Â  Â  Â  Â  Â  Â  Â  Â  Â  Â  Â  Â  Â  Â  Â  Â  Â Â - Máº·t trÆ°á»›c cÃ³ bÃ³ng kÃ­nh trong suá»‘t cho Ä‘Ã¨n xe, tiá»‡n dá»¥ng k...",https://salt.tikicdn.com/cache/280x280/ts/product/6e/bf/29/4e5954d0216947c395acdf70ff6555c6.png,4,0,0
54484578,ÄÃ¨n BÃ n Há»c LED USB Di Äá»™ng Cao Cáº¥p CÃ³ Thá»ƒ Gáº­p Hai Chá»— â€“ 03 Cháº¿ Äá»™ Ãnh SÃ¡ng VÃ ng Báº£o Vá»‡ Máº¯t Chá»‘ng Cáº­n eLights,178000,"MÃ” Táº¢ Sáº¢N PHáº¨M*LÆ¯U Ã !!!: Sáº£n pháº©m cÃ³ 03 phiÃªn báº£n: ÄÃ¨n khÃ´ng tÃ­ch Ä‘iá»‡n: cáº§n pháº£i cáº¯m vÃ o nguá»“n Ä‘iá»‡n nhÆ°: á»• Ä‘iá»‡n, mÃ¡y tÃ­nh, sáº¡c dá»± phÃ²ng má»›i cÃ³ thá»ƒ sá»­ dá»¥ng Ä‘Æ°á»£cÄÃ¨n tÃ­ch Ä‘iá»‡n: tÃ­ch há»£p pin lithium...",https://salt.tikicdn.com/cache/280x280/ts/product/a6/32/52/ce064eeb6458c9ddd1833143e4184279.jpg,4,0,0
53583472,"Bá»™ Há»™p CÆ¡m Giá»¯ Nhiá»‡t Lock&Lock Easy Carry 2L LHC8039 CÃ³ TÃºi (1 Há»™p 720ml, 2 Há»™p 420ml KÃ¨m 1 Bá»™ Muá»—ng VÃ  NÄ©a)",857000,"Bá»™ Há»™p CÆ¡m Giá»¯ Nhiá»‡t Lock&Lock Easy Carry 2L LHC8039 CÃ³ TÃºi (1 Há»™p 720ml, 2 Há»™p 420ml KÃ¨m 1 Bá»™ Muá»—ng VÃ  NÄ©a) Ä‘Æ°á»£c lÃ m báº±ng cháº¥t liá»‡u thÃ©p khÃ´ng gá»‰ cao cáº¥p, khÃ´ng nhá»¯ng bá»n cháº¯c mÃ  cÃ²n mang láº¡i hi...",https://salt.tikicdn.com/cache/280x280/ts/product/60/6c/1b/4c401b4561004f280363f3920023bad8.jpg,4,0,0
94778000,"Ã” DÃ¹ che náº¯ng, che mÆ°a, cÃ³ nÃºt báº¥m 2 chiá»u, hÃ ng cháº¥t lÆ°á»£ng, dá»… thÆ°Æ¡ng, thiáº¿t káº¿ sang trá»ng vÃ  bá»n bá»‰, Ã´ dÃ¹ cÃ³ lá»±a chá»n mÃ u sáº¯c, ",186200,"Ã” dÃ¹ Ä‘Æ°á»£c sáº£n xuáº¥t trÃªn cÃ´ng nghá»‡ Nháº­t Báº£nÄá»™ má»Ÿ rá»™ng tá»›i 120cm vá»›i 10 nan Ã´ nan Ã´ dÃ y, thÃ©p dáº»o chá»‹u lá»±c tá»‘t háº¡n cháº¿ gáº­p gáº«y sáº£n pháº©mKhung, cÃ¡n cháº¯c cháº¯n, bá»n Ä‘áº¹p khÃ´ng gá»‰NÃºt báº¥m Ä‘Ã³ng má»Ÿ tá»± Ä‘á»™ng thá»i ...",https://salt.tikicdn.com/cache/280x280/ts/product/32/6f/07/c103a9c3d14b788558d8b81fbc2468bf.jpg,4,0,0
56941523,Ly nhá»±a 2 lá»›p LocknLock kÃ¨m á»‘ng hÃºt HAP507 750ml,112000,"Ly nhá»±a 2 lá»›p LocknLock kÃ¨m á»‘ng hÃºt HAP507 750ml hai lá»›p cÃ¡ch nhiá»‡t tá»‘t, ngÄƒn cháº·n sá»± áº£nh hÆ°á»Ÿng tá»« nhiá»‡t Ä‘á»™ bÃªn ngoÃ i. Bá» máº·t ly Ã­t bá»‹ Ä‘á»ng nÆ°á»›c dÃ¹ báº¡n dÃ¹ng ly Ä‘á»ƒ Ä‘á»±ng nÆ°á»›c Ä‘Ã¡.Miá»‡ng ly rá»™ng giÃºp báº¡n ...",https://salt.tikicdn.com/cache/280x280/ts/product/21/d7/bc/b80fd5aa548700350c3e039f61c13d4d.jpg,4,0,0
99994000,BÃ¬nh giá»¯ nhiá»‡t cÃ³ á»‘ng hÃºt Lock&Lock Bucket Tumbler with Straw LHC4268 540ml,267000,Äáº·c Ä‘iá»ƒm ná»•i báº­tBÃ¬nh giá»¯ nhiá»‡t cÃ³ á»‘ng hÃºt Lock&Lock Bucket Tumbler with Straw LHC4268 thiáº¿t káº¿ tay cáº§m cháº¯c cháº¯n giÃºp báº¡n thuáº­n tiá»‡n mang theo má»i lÃºc má»i nÆ¡i.ThÃ¢n bÃ¬nh cÃ³ cáº¥u táº¡o 2 lá»›p vÃ  táº¥t ...,https://salt.tikicdn.com/cache/280x280/ts/product/69/29/fb/ac4c518f08ad59d463d3104c372ea10e.jpg,4,0,0
17423771,"5 ViÃªn Pin CR2032 3V Panasonic Lithium thay pin Smartkey , Cmos , Pin thay Airtag - HaÌ€ng chiÌnh haÌƒng",75000,HÃ ng nÄƒm cÃ³ khoáº£ng 600 triá»‡u viÃªn pin bá»‹ vá»©t bá». Sá»‘ lÆ°á»£ng pin nÃ y xáº¿p dÃ i ra sáº½ tÆ°Æ¡ng Ä‘Æ°Æ¡ng quÃ£ng Ä‘Æ°á»ng tá»« Anh sang Ãšc!Pin cÃ³ nhiá»u loáº¡i vá»›i nhiá»u kÃ­ch thÆ°á»›c khÃ¡c nhau: CÃ³ viÃªn pin cÃ³ kÃ­ch thÆ°á»›c chá»‰ n...,https://salt.tikicdn.com/cache/280x280/ts/product/a1/1f/95/d1b7de1071d058a44fa1dc956487d167.png,4,0,0
73125530,Há»™p cÆ¡m thá»§y tinh kÃ¨m muá»—ng Ä‘Å©a LocknLock LLG991CL 930ml,186000,"Há»™p cÆ¡m thá»§y tinh kÃ¨m muá»—ng Ä‘Å©a LocknLock LLG991CL 930ml thiáº¿t káº¿ vÃ¡ch ngÄƒn giÃºp thá»±c pháº©m khÃ´ng bá»‹ trá»™n láº«n khi bá» vÃ o chung má»™t há»™p.Borosilicate lÃ  thá»§y tinh chá»‹u nhiá»‡t (lÃªn tá»›i 120 Ä‘á»™ C), an toÃ n...",https://salt.tikicdn.com/cache/280x280/ts/product/4d/5d/ee/bbe447ab4330f401117ba9ee7112291a.jpg,4,0,0
11488920,BÃ¬nh Giá»¯ Nhiá»‡t Lock&Lock RigaTumbler (897ml),368000,"Äáº·c Ä‘iá»ƒm ná»•i báº­tBÃ¬nh Giá»¯ Nhiá»‡t Lock&Lock RigaTumbler LHC4160GRN cÃ³ tiáº¿t káº¿ nháº¹, Ä‘áº¹p, cÃ¡ tÃ­nh, giá»¯ nhiá»‡t tá»‘t, bá»n, thÃ­ch há»£p sá»­ dá»¥ng nhÆ° bÃ¬nh nÆ°á»›c dÃ nh cho hoáº¡t Ä‘á»™ng ngoÃ i trá»i! cÃ³ thá»ƒ mang theo ...",https://salt.tikicdn.com/cache/280x280/ts/product/b7/81/0c/867c0e7a02dd70293a0b6affdc0000a9.jpg,4,0,0
104270135,BÃ¬nh Giá»¯ Nhiá»‡t LocknLock Featherlight One-touch Tumbler LHC3257 500ml,266000,Äáº·c Ä‘iá»ƒm ná»•i báº­tBÃ¬nh Giá»¯ Nhiá»‡t Lock&Lock Featherlight One-touch Tumbler LHC3257 cÃ³ thiáº¿t káº¿ má»ng nháº¹ táº¡o cáº£m giÃ¡c dá»… dÃ ng trong di chuyá»ƒn vÃ  mang theo kháº¯p nÆ¡i.ThÃ¢n bÃ¬nh Ä‘Æ°á»£c thiáº¿t káº¿ nhá» gá»n g...,https://salt.tikicdn.com/cache/280x280/ts/product/4f/ba/f7/da2d9d5951137d114b4bb5dcbb87ac87.jpg,4,0,0
2119173,CÃ¢y Lau NhÃ  Dáº¡ng Xá»‹t NÆ°á»›c Lock&Lock ETM472,293000,"Äáº·c Ä‘iá»ƒm ná»•i báº­tCÃ¢y Lau NhÃ  Dáº¡ng Xá»‹t NÆ°á»›c Lock&Lock ETM472 thiáº¿t káº¿ cÃ¢y lau nhÃ  dáº¡n Ä‘á»©ng vá»›i thiáº¿t káº¿ tay cáº§m cÃ³ cáº§n gáº¡t Ä‘á»ƒ Ä‘iá»ƒu khiá»ƒn viá»‡c phun nÆ°á»›c, giÃºp dá»… thao tÃ¡c, táº¡o cáº£m giÃ¡c thoáº£i mÃ¡i kh...",https://salt.tikicdn.com/cache/280x280/ts/product/fe/5a/40/3dc4cbe6744264d30d3f99ed254f0c07.jpg,4,0,0
186558014,Combo 10 MÃ³c DÃ¡n TÆ°á»ng Treo Äá»“ Äa NÄƒng SiÃªu Chá»‹u Lá»±c,23000,"Combo 10 MÃ³c DÃ¡n TÆ°á»ng Treo Äá»“ Äa NÄƒng SiÃªu Chá»‹u Lá»±cMá»—i miáº¿ng dÃ¡n sá»­ dá»¥ng keo cÆ°á»ng lá»±c, Ä‘á»™ bÃ¡m dÃ­nh tá»‘t, nhÆ°ng khÃ¡ch chá»‰ nÃªn dÃ¡n trÃªn bá» máº·t tÆ°á»ng má»‹n mÃ ng, khÃ´ng lá»“i lá»— Ä‘á»ƒ Ä‘áº£m báº£o thá»i gian sá»­ dá»¥ng...",https://salt.tikicdn.com/cache/280x280/ts/product/c3/54/68/aa177948cd7eecff22b870d4689bbff3.jpg,4,0,0
184126392,"BÃ¬nh giá»¯ nhiá»‡t 450ml kÃ¨m cá»‘c Ä‘áº¹p lÃµi INOX 304 cao cáº¥p giá»¯ nhiá»‡t tá»›i 8 tiáº¿ng chá»‘ng trÃ n cÃ³ cá»‘c uá»‘ng, cÃ³ thá»ƒ dÃ¹ng lÃ m quÃ  táº·ng Ä‘á»™c Ä‘Ã¡o",102000,"1. THÃ”NG TIN Sáº¢N PHáº¨M BÃ¬nh giá»¯ nhiá»‡t 450ml cÃ³ cá»‘c- Cháº¥t liá»‡u: LÃµi inox 304 an toÃ n- DÃ¹ng Ä‘á»ƒ Ä‘á»±ng trÃ ,cafe,nÆ°á»›c uá»‘ng-Dung tÃ­ch: 500ml-Trá»ng lÆ°á»£ng: 230 gram-KÃ­ch thÆ°á»›c: 15cm cao x 9 cm Ä‘Æ°á»ng kÃ­nh-Cáº¥u t...",https://salt.tikicdn.com/cache/280x280/ts/product/19/61/b8/f2531ca0fca93c2a3e188ce421e32606.jpg,4,0,0
48045630,5 ViÃªn Pin Smartkey - Cmos Panasonic CR2032 - HÃ ng ChÃ­nh HÃ£ng,80000,Panasonic lÃ  thÆ°Æ¡ng hiá»‡u ná»•i tiáº¿ng tháº¿ giá»›i chuyÃªn sáº£n xuáº¥t cÃ¡c dÃ²ng pin gáº¯n trong. Mang láº¡i hiá»‡u suáº¥t tuyá»‡t vá»i cho thiáº¿t bá»‹ Ä‘á»“ng thá»i báº£o vá»‡ mÃ´i trÆ°á»ngVá»›i cÃ´ng nghá»‡ NHáº¬T Báº¢N Pin CR2032 sáº½ mang láº¡i ...,https://salt.tikicdn.com/cache/280x280/ts/product/5a/56/f5/e3b92510e087e3a288facd63b36dfded.png,4,0,0
92521124,á»¦ng Bá»c GiÃ y Äi MÆ°a Chá»‘ng NÆ°á»›c CÃ³ Äáº¿ Chá»‘ng TrÆ¡n TrÆ°á»£t Cao Cáº¥p,49000,"á»¦ng Bá»c GiÃ y Äi MÆ°a Chá»‘ng NÆ°á»›c CÃ³ Äáº¿ Chá»‘ng TrÆ¡n TrÆ°á»£t Cao Cáº¥pNhá»¯ng cÆ¡n mÆ°a báº¥t chá»£t khÃ´ng bÃ¡o trÆ°á»›c luÃ´n lÃ  ná»—i lo Ä‘á»‘i vá»›i má»—i ngÆ°á»i khi mÃ  Ã¡o mÆ°a khÃ´ng thá»ƒ che háº¿t Ä‘Æ°á»£c toÃ n cÆ¡ thá»ƒ, váº«n cÃ²n Ä‘Ã´i chÃ¢n...",https://salt.tikicdn.com/cache/280x280/ts/product/f6/23/ec/c11d7f10f34e4b1b08b8a98078c9f791.jpg,4,0,0
122692850,"CÃ¢y chÃ  sÃ n thÃ´ng minh cao cáº¥p, chá»•i chÃ  sÃ n Ä‘a nÄƒng 2 trong 1, cá» sÃ n vÃ  gáº¡t nÆ°á»›c â€“ Parroti Easy ES02",149000,"Chá»•i cá» sÃ n vá»‡ sinh Parroti Easy ES02 Ä‘Æ°á»£c thiáº¿t káº¿ tinh táº¿, cÃ¢y chá»•i lÃ m báº±ng nhÃ´m cao cáº¥p, cÃ³ thá»ƒ Ä‘iá»u chá»‰nh Ä‘á»™ dÃ i linh hoáº¡t phÃ¹ há»£p khÃ´ng gian phÃ²ng táº¯m. Cá»™ng vá»›i tÃ­nh nÄƒng vá»«a chÃ  vá»«a gáº¡t nÆ°á»›c t...",https://salt.tikicdn.com/cache/280x280/ts/product/3f/19/bc/d99839805877de6adfbadbf49d2b8c23.jpg,4,0,0
52574827,Ã” (dÃ¹) tá»± Ä‘á»™ng 2 chiá»u cao cáº¥p DandiHome chá»‘ng UV,104500,"HÆ¯á»šNG DáºªN Sá»¬ Dá»¤NG:Má»Ÿ Ã´ (dÃ¹) Ä‘Æ¡n giáº£n chá»‰ vá»›i 1 nÃºt báº¥m.Khi thu Ã´ (dÃ¹), ngoÃ i viá»‡c báº¥m nÃºt Ä‘á»ƒ thu láº¡i sau Ä‘Ã³ quÃ½ khÃ¡ch dÃ¹ng tay áº¥n tá»« chÃ³p Ã´ Ä‘á»ƒ thu pháº§n que ngáº¯n láº¡i nhÆ° trÆ°á»›c khi má»Ÿ vÃ o láº§n tá»›i.DÃ¹...",https://salt.tikicdn.com/cache/280x280/ts/product/e3/8b/a1/ec9bf2cc94aaf34f59ad586f2bafda1e.jpg,4,0,0
2119169,Bá»™ CÃ¢y Lau NhÃ  Lock&Lock Squeeze Flat Mop ETM471,490000,"Äáº·c Ä‘iá»ƒm ná»•i báº­tBá»™ CÃ¢y Lau NhÃ  Lock&Lock Squeeze Flat Mop ETM471Â thiáº¿t káº¿ xÃ´ tá»© giÃ¡c thÃ´ng minh, khe váº¯t vá»«a cÃ³ thá»ƒ váº¯t khÃ´ nÆ°á»›c vá»«a loáº¡i cÃ¡c váº¿t báº©n má»™t cÃ¡ch dá»… dÃ ng.Thiáº¿t káº¿ thÃ¹ng chá»©a nÆ°á»›c n...",https://salt.tikicdn.com/cache/280x280/ts/product/b6/91/71/54025594f02c08948c74a82cffb5e67f.jpg,4,0,0
107961500,Ly Nhá»±a 2 Lá»›p LocknLock Double Wall Cold Cup Cherry Blossom 750ml HAP509,129000,Cáº¥u trÃºc tÆ°á»ng Ä‘Ã´i: Ly Nhá»±a 2 Lá»›p LocknLock Double Wall Cold Cup Cherry Blossom 750ml HAP509 sá»­ dá»¥ng vá»‡ sinh hÆ¡n vÃ¬ nÆ°á»›c láº¡nh khÃ´ng bá»‹ ngÆ°ng tá»¥ bÃªn ngoÃ i thÃ nh cá»‘c.Miá»‡ng ly rá»™ng: Dá»… dÃ ng vá»‡...,https://salt.tikicdn.com/cache/280x280/media/catalog/producttmp/f0/4b/fe/9701c09fb614fa990583de41a4fd95a6.jpg,4,0,0
892121,Pin Max 8 + 4 ViÃªn Energizer E91 BP8+4 AA,155000,"Pin Max 8 + 4 ViÃªn Energizer E91 BP8+4 AAÂ lÃ  sáº£n pháº©m cÃ³ thá»ƒ sá»­ dá»¥ng cho cÃ¡c loáº¡i mÃ¡y áº£nh, Ä‘iá»u khiá»ƒn tá»« xa, Ä‘Ã¨n Pin, mÃ¡y chÆ¡i game khÃ´ng dÃ¢y, mÃ¡y nghe nháº¡c MP3 vÃ  cÃ¡c thiáº¿t bá»‹ ká»¹ thuáº­t sá»‘ cÃ¡ nhÃ¢n kh...",https://salt.tikicdn.com/cache/280x280/ts/product/63/be/3b/dda65b3b6ce476ced03bd5fb68e76078.jpg,4,0,0
187636657,"Keo DÃ¡n GiÃ y Äa NÄƒng DÃ¡n Má»i Loáº¡i GiÃ y, Chá»‘ng Tháº¥m",41000,"Keo DÃ¡n GiÃ y Äa NÄƒng DÃ¡n Má»i Loáº¡i GiÃ y, Chá»‘ng Tháº¥mÄáº¶C ÄIá»‚M Ná»”I Báº¬T- ÄÃ¢y lÃ  loáº¡i keo dÃ¡n giÃ y chuyÃªn dá»¥ng ráº¥t dá»… sá»­ dá»¥ng, keo nÃ y dáº¡ng lá»ng, sÃ¡nh, nhanh khÃ´, khi khÃ´ ráº¥t dai , Ä‘á»™ Ä‘Ã n há»“i ráº¥t tá»‘t vÃ  bÃ¡...",https://salt.tikicdn.com/cache/280x280/ts/product/45/de/25/886472e4eee9c787da2a658134b197c7.jpg,4,0,0
273624233,BÃ¬nh giá»¯ nhiá»‡t LocknLock Metro Two Way LHC4272/LHC4274 - HÃ ng chÃ­nh hÃ£ng,312000,"Äáº·c Ä‘iá»ƒm ná»•i báº­tBÃ¬nh giá»¯ nhiá»‡t Lock&Lock LHC4274 cÃ³ 2 loáº¡i náº¯p:Náº¯p Ä‘áº­y trÃªn cÃ¹ng: náº¯p Ä‘Æ°á»£c tÃ­ch há»£p cÃ¹ng tay cáº§m. Náº¯p cÃ³ gioÄƒng silicon giÃºp váº·n kÃ­n, khÃ­t vÃ  chá»‘ng rÃ² rá»‰ nÆ°á»›c tá»‘i Ä‘a. Tay cáº§m b...",https://salt.tikicdn.com/cache/280x280/ts/product/3c/9d/13/db84e6be4bcaaacf33cd5adde0c97432.jpg,4,0,0
71178441,"Ão MÆ°a BÃ­t DÃ¹ TrÆ¡n, Ão MÆ°a KÃ­n NgÆ°á»i Váº£i DÃ¹ SiÃªu DÃ y 1M4, Chá»‘ng Tháº¥m Hiá»‡u Quáº£, PhÃ¹ Há»£p Nam VÃ  Ná»¯, CÃ³ TÃºi Äá»±ng, CÃ³ Lá»±a Chá»n MÃ u Sáº¯c",109250,"Ão mÆ°a lÃ  sáº£n pháº©m thÃ´ng dá»¥ng, khÃ´ng thá»ƒ thiáº¿u khi mÃ¹a mÆ°a Ä‘áº¿n, giÃºp báº¡n trÃ¡nh nhá»¯ng cÆ¡n mÆ°a báº¥t chá»£t, Ã¡o mÆ°a Ä‘Æ°á»£c cáº¯t may tá»« váº£i dÃ¹ cÃ³ Ä‘á»™ bá»n cao hÆ¡n cÃ¡c loáº¡i váº£i khÃ¡c.Â  Â  Â  Â  Â  Â  Â  Â  Â  Â  Â  Â  Â  Â  Â  ...",https://salt.tikicdn.com/cache/280x280/ts/product/f1/37/b1/cc441ae23c9f735f572fa2ffa83c2b26.jpg,4,0,0
116819040,"ThÆ°á»›c DÃ¢y 1,5m - YOGA QG, ThÆ°á»›c DÃ¢y May MÃ¡, Äo Chiá»u Cao Cho BÃ©, Äo KÃ­ch ThÆ°á»›c Ba VÃ²ng",5000,"THÆ¯á»šC DÃ‚YThÆ°á»›c DÃ¢y May Äá»“Â lÃ  má»™t loáº¡i dá»¥ng cá»¥ Ä‘á»ƒ Ä‘o chiá»u dÃ i, khoáº£ng cÃ¡ch. ÄÃ¢y cÃ³ thá»ƒ xem lÃ  dá»¥ng cá»¥ Ä‘o Ä‘iá»ƒn hÃ¬nh nháº¥t trong cÃ¡c loáº¡i thiáº¿t bá»‹ Ä‘o lÆ°á»ng. Vá»›i kiá»ƒu dÃ¡ng nhá» gá»n, dá»… dÃ ng mang Ä‘i theo b...",https://salt.tikicdn.com/cache/280x280/ts/product/ee/44/1c/7dd729fcedd90f8f449550d3872eaff5.jpg,4,0,0
90531871,"ÄÃ¨n Pixar, ÄÃ¨n BÃ n Há»c Chá»‘ng Cáº­n Thá»‹, ÄÃ¨n Äá»c SÃ¡ch, ÄÃ¨n LÃ m Viá»‡c Báº£o Vá»‡ Máº¯t - HÃ ng ChÃ­nh HÃ£ng Moontronics",132050,"Â Â ÄÃ¨n bÃ n khÃ´ng chá»‰ lÃ  má»™t dá»¥ng cá»¥ cáº§n thiáº¿t cho viá»‡c há»c táº­p, cÅ©ng nhÆ° lÃ m viá»‡c cá»§a báº¡n mÃ  cÃ²n lÃ  má»™t váº­t trang trÃ­ khÃ´ng thá»ƒ thiáº¿u cho cÄƒn phÃ²ng cá»§a báº¡n.Â ÄÃ¨n bÃ n Moontronics lÃ  má»™t sáº£n pháº©m cao ...",https://salt.tikicdn.com/cache/280x280/ts/product/f6/11/fb/308b897e52fb2260b93d4207cbd2c8ca.jpg,4,0,0
173211404,"Gháº¿ Xoay VÄƒn PhÃ²ng Ngá»“i LÃ m Viá»‡c CÃ´ng ThÃ¡i Há»c Deli - Tay Gáº­p ThÃ´ng Minh, CÃ³ Ngáº£ LÆ°ng, LÆ°á»›i ThoÃ¡ng KhÃ­, ChÃ¢n Xoay Tiá»‡n Ãch, Äá»‡m Gháº¿ ÃŠm AÃ­ - PhÃ¹ Há»£p Há»c Sinh, VÄƒn PhÃ²ng, Game Thá»§, Gaming - HÃ ng ChÃ­nh HÃ£ng - E4928 / E4929 / E4925 / E4926G",1618200,1.ThÃ´ng tin sáº£n pháº©m:- Trá»ng lÆ°á»£ng: 7.6kg - 9.1kg- Cháº¥t liá»‡u: PhiÃªn báº£n má»›i ChÃ¢n gháº¿ khung thÃ©p cháº¯c cháº¯n; Khung gháº¿ nhá»±aÂ  ABS; ThÃ¢n gháº¿ váº£i lÆ°á»›i siÃªu thoÃ¡ng khÃ­; Äá»‡m gháº¿ mÃºt bá»t biá»ƒn Ãªm Ã¡i- MÃ u sáº¯...,https://salt.tikicdn.com/cache/280x280/ts/product/83/54/e6/ba6bff153d0da252edb030ac83968aa1.jpg,4,0,0
3480627,Bá»™ CÃ¢y Lau NhÃ  Xoay Tay Compact Spin Mop Lock&Lock ETM466: ThÃ¹ng Giáº·t + CÃ¢y + BÃ´ng Lau,500000,"Äáº·c Ä‘iá»ƒm ná»•i báº­tBá»™ CÃ¢y Lau NhÃ  Xoay Tay Compact Spin Mop Lock&Lock ETM466: ThÃ¹ng Giáº·t + CÃ¢y + BÃ´ng LauThÃ¹ng chá»©a Ä‘Æ°á»£c lÃ m báº±ng cháº¥t liá»‡u nhá»±a PP cao cáº¥p, cháº¥t lÆ°á»£ng, cÃ³ kháº£ nÄƒng chá»‹u Ä‘Æ°á»£c va Ä‘áº­...",https://salt.tikicdn.com/cache/280x280/ts/product/45/23/7a/155a681f642637eae6b2e5cf917684d4.jpg,4,0,0
46202190,Combo nhiá»u tÃºi lÆ°á»›i giáº·t Ä‘á»“ cho mÃ¡y giáº·t báº£o vá»‡ quáº§n Ã¡o chá»‘ng biáº¿n dáº¡ng cháº¥t lÆ°á»£ng tá»‘t dÃ¢y kÃ©o lÆ°á»›i má»‹n Polyester,55000,"TÃºi lÆ°á»›i giáº·t Ä‘á»“ cho mÃ¡y giáº·t báº£o vá»‡ quáº§n Ã¡o chá»‘ng biáº¿n dáº¡ng cháº¥t lÆ°á»£ng tá»‘t dÃ¢y kÃ©o lÆ°á»›i má»‹n Polyester nháº±m báº£o vá»‡ quáº§n Ã¡o Ä‘Æ°á»£c lÃ m tá»« tÆ¡ lá»¥a, ren, len, thá»• cáº©m, lÃ´ng thÃº, gáº¥m, cotton, â€¦ trÃ¡nh bá»‹ mÃ³c ...",https://salt.tikicdn.com/cache/280x280/ts/product/5b/01/ce/22baf0809ad290bf78dec9867082ac44.JPG,4,0,0
120552065,BÃ¬nh giá»¯ nhiá»‡t inox 304 Elmich EL-8013OL dung tÃ­ch 480ml,157000,"Cháº¥t liá»‡u inox 304 an toÃ n tuyá»‡t Ä‘á»‘i cho sá»©c khá»eBÃ¬nh giá»¯ nhiá»‡t inox 304 Elmich EL-8013OL Ä‘Æ°á»£c lÃ m báº±ng cháº¥t liá»‡u inox 304 cÃ³ kháº£ nÄƒng chá»‘ng Äƒn mÃ²n tuyá»‡t vá»i, bÃ¬nh giá»¯ nhiá»‡t Elmich EL-8013OL an toÃ n ...",https://salt.tikicdn.com/cache/280x280/ts/product/9d/0a/b2/228d7a1fd9e9da36e3862d7838e588be.png,4,0,0
122700651,"CÃ¢y lau kÃ­nh, gáº¡t chÃ¹i kÃ­nh Ä‘a nÄƒng 2 Ä‘áº§u trong 1 - Parroti Shiny SN01",139000,"CÃ¢y lau kÃ­nh, gáº¡t chÃ¹i kÃ­nh Ä‘a nÄƒng 2 Ä‘áº§u trong 1 - Parroti Shiny SN01 Ä‘Æ°á»£c thiáº¿t káº¿ tinh táº¿, cÃ¡n lÃ m báº±ng nhÃ´m cao cáº¥p, cÃ³ thá»ƒ Ä‘iá»u chá»‰nh Ä‘á»™ dÃ i linh hoáº¡t phÃ¹ há»£p Ä‘á»™ cao cá»§a cá»­a sá»•. Cá»™ng ...",https://salt.tikicdn.com/cache/280x280/ts/product/34/f2/b9/a41c7bccaeb1ea73e7ca81ae39388d2c.jpg,4,0,0
146262084,Gá»‘i Ngá»§ Memory Foam NOOZ Ruá»™t Gá»‘i Cao Su Non GiÃºp NÃ¢ng Äá»¡ Äá»‘t Sá»‘ng Cá»• Chá»‘ng Äau Vai GÃ¡y Ngá»§ SÃ¢u Há»— Trá»£ Chá»‘ng TrÃ o NgÆ°á»£c PhÃ¹ Há»£p Vá»›i Má»i TÆ° Tháº¿ Náº±m Vá» Gá»‘i Tencel,309000,Ngá»§ ngon vÃ  sÃ¢u hÆ¡n vá»›i sá»± nÃ¢ng Ä‘á»¡ vÃ  thoÃ¡ng mÃ¡t tá»« Gá»‘i Memory Foam NOOZVieÌ£Ì‚c daÌ€nh 8 tieÌ‚Ìng Ä‘eÌ‚Ì‰ nguÌ‰ treÌ‚n moÌ£Ì‚t chieÌ‚Ìc goÌ‚Ìi quaÌ daÌ€y hoaÌ£Ì†c quaÌ moÌ‰ng seÌƒ laÌ€m baÌ£n caÌ‰m thaÌ‚Ìy meÌ£Ì‚t moÌ‰i va...,https://salt.tikicdn.com/cache/280x280/ts/product/ef/4f/0e/e81a5e0f5f23f449466addb240db8f88.jpg,4,0,0
262731552,"GiÆ°á»ng xáº¿p gáº¥p gá»n di Ä‘á»™ng SUMIKA 386, khung thÃ©p, cÃ³ bÃ¡nh xe",1509000,"Vá»›i thiáº¿t káº¿ giÆ°á»ng Ä‘Æ¡n gáº¥p gá»n SUMIKA 386 phÃ¹ há»£p vá»›i nhá»¯ng khÃ´ng gian nhá» háº¹p nhÆ° cÄƒn há»™, chung cÆ°, vÄƒn phÃ²ng,â€¦ chiáº¿c giÆ°á»ng kiá»ƒu dÃ¡ng gáº¥p gá»n thÃ´ng minh SUMIKA khÃ´ng chá»‰ Ä‘em Ä‘áº¿n sá»± thuáº­n tiá»‡n khi b...",https://salt.tikicdn.com/cache/280x280/ts/product/83/a8/6b/956ee960ef88d022d4ea4f29f5975418.jpg,4,0,0
203757099,á»” Cáº¯m Äiá»‡n Du Lá»‹ch Quá»‘c Táº¿ Äa NÄƒng TÃ­ch Há»£p 3 Cá»•ng USB-A 1 Cá»•ng USB C. Cháº¥t Liá»‡u Nhá»±a PC Chá»‘ng ChÃ¡y PhÃ¹ Há»£p Vá»›i HÆ¡n 150 NÆ°á»›c. HÃ ng ChÃ­nh HÃ£ng Tamayoko,281000,MÃ” Táº¢ Sáº¢N PHáº¨MÂ á»” Cáº¯m Äiá»‡n Du Lá»‹ch Quá»‘c Táº¿ Äa NÄƒng Tamayoko - Trá»£ thá»§ khÃ´ng thá»ƒ thiáº¿u cá»§a báº¡nTÃ­ch há»£p 3 cá»•ng USB-A vÃ  1 cá»•ng USB type C cÃ´ng suáº¥t 15W cho phÃ©p sáº¡c nhanh nhiá»u thiáº¿t bá»‹ cÃ¹ng lÃºcC...,https://salt.tikicdn.com/cache/280x280/ts/product/a7/72/6a/23a78706cf8229b5eb38ce1ba4db31ba.png,4,0,0
21441057,Cháº£o Chá»‘ng DÃ­nh ÄÃ¡ Sunhouse SBD18 - 18cm,197000,"Cháº£o Chá»‘ng DÃ­nh ÄÃ¡ Sunhouse SBD18 Ä‘Æ°á»£c tin dÃ¹ng bá»Ÿi cÃ´ng nÄƒng tuyá»‡t vá»i, Ä‘á»™ chá»‘ng dÃ­nh cao cÃ¹ng vá»›i káº¿t cáº¥u bá»n cháº¯c. Bá» máº·t phá»§ lá»›p Ä‘Ã¡ Marble khiáº¿n cho tá»•ng quan sáº£n pháº©m Ä‘áº¹p máº¯t, áº¥n tÆ°á»£ng vÃ  ná»•i báº­t...",https://salt.tikicdn.com/cache/280x280/ts/product/57/62/95/4a26ec38af6802fec921d988ac6d5ebe.jpg,4,0,0
78025846,KhÄƒn táº¯m Bamboo Life BL058 hÃ ng chÃ­nh hÃ£ng Ä‘Æ°á»£c lÃ m tá»« sá»£i tre thiÃªn nhiÃªn má»m máº¡i khÃ¡ng khuáº©n siÃªu tháº¥m hÃºt an toÃ n cho da,139000,KhÄƒn táº¯m Bamboo Life BL058 hÃ ng chÃ­nh hÃ£ng Ä‘Æ°á»£c lÃ m tá»« sá»£i tre thiÃªn nhiÃªn má»m máº¡i khÃ¡ng khuáº©n siÃªu tháº¥m hÃºt an toÃ n cho daBAMBOO LIFE â€“ Äá»’ DÃ™NG CHO BÃ‰ Tá»ª Sá»¢I TRE THIÃŠN NHIÃŠN âœ“ Sáº£n pháº©m chÃ­nh hÃ£ng ...,https://salt.tikicdn.com/cache/280x280/ts/product/48/67/e3/face7d7997bf448129e1a55dc9da7fd0.jpg,4,0,0
94724913,"Ron DÃ¡n Che Khe Cá»­a ,ChÃ¢n Cá»­a,Khung Cá»­a CTFAST Chá»‘ng Bá»¥i, NgÄƒn CÃ´n TrÃ¹ng, Chá»‘ng á»’n, Chá»‘ng ThoÃ¡t Nhiá»‡t Äiá»u HÃ²a, Chá»‘ng Va Äáº­p Cá»­a - Máº«u Cáº£i Tiáº¿n 2021 ( HÃ ng ChÃ­nh HÃ£ng )",48000,"Ron DÃ¡n Che Khe Cá»­a ,ChÃ¢n Cá»­a,Khung Cá»­a CTFAST Chá»‘ng Bá»¥i, NgÄƒn CÃ´n TrÃ¹ng, Chá»‘ng á»’n, Chá»‘ng ThoÃ¡t Nhiá»‡t Äiá»u HÃ²a, Chá»‘ng Va Äáº­p Cá»­a lÃ  máº«u ron cáº£i tiáº¿n má»›i nháº¥t 2021 - dÃ²ng sáº£n pháº©m tiá»‡n Ã­ch giÃºp gia Ä‘Ã¬n...",https://salt.tikicdn.com/cache/280x280/ts/product/20/3e/cd/c4925e6e0d3a32437372b9d2ffa5240f.jpg,4,0,0
1024190,Bá»™ 3 Há»™p CÆ¡m Giá»¯ Nhiá»‡t Lock&amp;Lock Mushroom LHC8025SLV - Báº¡c,514000,"Bá»™ 3 Há»™p CÆ¡m Giá»¯ Nhiá»‡t Lock&Lock Mushroom LHC8025SLV - Báº¡c dÃ¹ngÂ Ä‘á»ƒÂ Ä‘á»±ng thá»±c pháº©m, thÃ­ch há»£pÂ Ä‘á»ƒ sá»­ dá»¥ng háº±ng ngÃ y.Bá»™ sáº£n pháº©m gá»“m:Â Há»™p cÆ¡m 460ml, 2 há»™p thá»©c Äƒn 420ml vÃ  280ml, 1 tÃºi giá»¯ nhiá»‡t, 1...",https://salt.tikicdn.com/cache/280x280/ts/product/43/69/91/df3f111e561b4aac803c708e9418e567.png,4,0,0
119195755,"Bá»™ lau nhÃ  tá»± váº¯t thÃ´ng minh, chá»•i lau nhÃ  360 Ä‘á»™, lau sáº¡ch khÃ´ nhanh - Parroti ProMax PX01",539000,"Bá»™ CÃ¢y Lau NhÃ  360 Äá»™ Äa NÄƒng, ThÃ¹ng Váº¯t 2 NgÄƒn ThÃ´ng Minh Parroti Pro Max - PX01Bá»™ lau nhÃ  thÃ´ng minh Parroti Pro Max - PX01 vá»›i kháº£ nÄƒng lau sáº¡ch sÃ n nhÃ  má»™t cÃ¡ch nhanh chÃ³ng vÃ  nháº¹ nhÃ ng, phÃ¹ há»£p...",https://salt.tikicdn.com/cache/280x280/ts/product/e1/7b/74/49ad96ebddd436d3b9f660e7d45c1853.png,4,0,0
241804451," MÃ³c INOX 304 Treo Äá»“ náº·ng, treo thá»›t, ná»“i niÃªu INOX 304 [CHá»NG NÆ¯á»šC, CHá»NG Rá»ˆ] DÃ¡n Má»i Bá» Máº·t",15000," MÃ³c INOX 304 Treo Äá»“ náº·ng, treo thá»›t, ná»“i niÃªu INOX 304 [CHá»NG NÆ¯á»šC, CHá»NG Rá»ˆ] DÃ¡n Má»i Bá» Máº·t(HoÃ n tiá»n 10 láº§n náº¿u giao hÃ ng khÃ´ng Ä‘Ãºng mÃ´ táº£ vÃ  há»‰nh áº£nh vÃ  video) Giá»›i Thiá»‡u Sáº£n Pháº©m:  MÃ³c Inox 304...",https://salt.tikicdn.com/cache/280x280/ts/product/fd/44/45/5553a5a13dffade33aad9e32fd2bc25a.jpg,4,0,0
177610565,ÄÃ¨n Pin SiÃªu SÃ¡ng US ARMY MÃ£ XML-T6 Cao Cáº¥p Vá» Há»£p Kim Chá»‘ng NÆ°á»›c Sá»­ Dá»¥ng Pin CÃ³ Thá»ƒ Sáº¡c Láº¡i Táº·ng Há»™p Full Box- HÃ€NG CHÃNH HÃƒNG,105000,"MÃ” Táº¢ Sáº¢N PHáº¨M- ÄÃ¨n pin siÃªu sÃ¡ng Ultrafire XML T6 lÃ  sá»± káº¿t há»£p tuyá»‡t vá»i giá»¯a cÃ´ng suáº¥t chiáº¿u sÃ¡ng cao, trá»Ÿ thÃ nh má»™t cÃ´ng cá»¥ Ä‘Ã¡ng tin cáº­y khÃ´ng thá»ƒ thiáº¿u trong cÃ¡c tÃ¬nh huá»‘ng kháº©n cáº¥p, tÃ¬m kiáº¿m, ...",https://salt.tikicdn.com/cache/280x280/ts/product/61/e5/30/342e31ec793af792f843b31267476994.jpg,4,0,0
182971940,BÃ¬nh giá»¯ nhiá»‡t LocknLock cÃ³ 2 náº¯p thay tháº¿ New Clip Tumbler 540ml LHC4279,267000,Äáº·c Ä‘iá»ƒm ná»•i báº­tBÃ¬nh giá»¯ nhiá»‡t LocknLock cÃ³ 2 náº¯p thay tháº¿ New Clip Tumbler 540ml LHC4279 cÃ³ cáº¥u trÃºc tÆ°á»ng Ä‘Ã´i cho hiá»‡u quáº£ cÃ¡ch nhiá»‡t vÃ  giá»¯ mÃ¡t xuáº¥t sáº¯c cÅ©ng nhÆ° ngÄƒn ngá»«a Ä‘Æ°á»£c viá»‡c Ä‘á»ng nÆ°á»›c ngo...,https://salt.tikicdn.com/cache/280x280/ts/product/04/13/02/7d09e389b4280812b7a7353bbe719b73.jpg,4,0,0
92385690,"Ão MÆ°a CÃ¡nh DÆ¡i 2 Äáº§u Váº£i DÃ¹ Loáº¡i SiÃªu DÃ y, HÃ ng Viá»‡t Nam Cháº¥t LÆ°á»£ng Cao, Khá»• To Rá»™ng PhÃ¹ Há»£p Cho 2 NgÆ°á»i, An ToÃ n Cho NgÆ°á»i Sá»­ Dá»¥ng, CÃ³ TÃºi Äá»±ng Dá»… Báº£o Quáº£n.",133000,"- Kiá»ƒu dÃ¡ng cháº¯c cháº¯n, tiá»‡n lá»£i, dá»… dÃ ng sá»­ dá»¥ng.- GiÃºp báº¡n báº£o vá»‡ mÃ¬nh khá»i nhá»¯ng cÆ¡n mÆ°a báº¥t chá»£t khi Ä‘ang Ä‘i Ä‘Æ°á»ng.- KÃ­ch thÆ°á»›c to rá»™ng, cÃ³ 2 Ä‘áº§u tiá»‡n sá»­ dá»¥ng cho 2 ngÆ°á»i.Â  Â  Â  Â  Â  Â  Â  Â  Â  Â  Â  Â ...",https://salt.tikicdn.com/cache/280x280/ts/product/d1/2c/36/753f57fd2978373f1760aee1f3c4964b.jpg,4,0,0
57867024,Bá»™ Lau NhÃ  Xoay 360 Äá»™ Sunhouse Ks-Cl350PO,330000,"Bá»™ Lau NhÃ  Xoay 360 Äá»™ Sunhouse Ks-Cl350PO Ä‘Æ°á»£c thiáº¿t káº¿ tiá»‡n dá»¥ng vá»›i thÃ¹ng váº¯t lÃ m báº±ng nhá»±a nguyÃªn sinh PP siÃªu bá»n vá»›i mÃ u cam báº¯t máº¯t. KÃ­ch thÆ°á»›c phÃ¹ há»£p giÃºp báº¡n thoáº£i mÃ¡i giáº·t, váº¯t mÃ  khÃ´ng lo...",https://salt.tikicdn.com/cache/280x280/media/catalog/producttmp/73/da/d2/539b3e6f1d2a3be9f07f9eaf0be6e133.jpg,4,0,0
120759154,"BÃ³ 100 DÃ¢y ThÃ­t, DÃ¢y RÃºt, Láº¡t Nhá»±a Äá»§ Má»i KÃ­ch Cá»¡ Tiá»‡n Lá»£i",23000,  ...,https://salt.tikicdn.com/cache/280x280/ts/product/dd/47/10/2787cb9a16e5a6065191c8c980dddab8.jpg,4,0,0
73147684,"Thanh xá»‘p gáº¯n chÃ¢n cá»­a chá»‘ng káº¹t chÃ¢n cho bÃ©, bá»‹t khe há»Ÿ, cháº¯n giÃ³, cháº·n cÃ´n trÃ¹ng",38000,"Thanh xá»‘p gáº¯n chÃ¢n cá»­a chá»‘ng káº¹t chÃ¢n cho bÃ©, bá»‹t khe há»Ÿ, cháº¯n giÃ³, cháº·n cÃ´n trÃ¹ngMÃ´ táº£ sáº£n pháº©m:Hai máº·t, báº£o vá»‡ kÃ©p, dá»¥ng cá»¥ cÃ¡ch nhiá»‡t cho cá»­a vÃ  cá»­a sá»•.Dá»¥ng cá»¥ sáº½ Ä‘Æ°á»£c cá»‘ Ä‘á»‹nh á»Ÿ hai bÃªn Ä‘á»‘i diá»‡n...",https://salt.tikicdn.com/cache/280x280/ts/product/65/68/30/c112a508cdea82245e756195c746a76f.jpg,4,0,0
165013585,"á»” Cáº¯m Äiá»‡n DÃ i VINAVU KÃ¨m Cá»•ng USB CÃ´ng Táº¯c RiÃªng Chá»‹u Táº£i 2500W, Chá»‘ng Giáº­t, Chá»‘ng ChÃ¡y",189000,"- LÃµi dÃ¢y Ä‘á»“ng chá»‹u táº£i 2500W, cÃ³ thá»ƒ dÃ¹ng cho lÃ² nÆ°á»›ng, láº©u Ä‘iá»‡- Nhá»±a chá»‘ng chÃ¡y, chá»‹u nhiá»‡t 750 Ä‘á»™ C (dÆ°á»›i 750 Ä‘á»™ C, á»• Ä‘iá»‡n khÃ´ng báº¯t lá»­a, chá»‰ bá»‹ má»m dáº§n)- Má»—i á»• cáº¯m Ä‘á»u cÃ³ cÃ´ng táº¯c riÃªng, lá»— cáº¯m cÃ³...",https://salt.tikicdn.com/cache/280x280/ts/product/88/55/c9/af4cfe2b62419f744fec01c655658430.jpg,4,0,0
54145105,"Cá» Bá»“n Cáº§u Toilet, Cá» Vá»‡ Sinh Cao Cáº¥p - Parroti Silicon SL01 â€“ CÃ³ BÃ¬nh Äá»±ng NÆ°á»›c Táº©y, CÃ¢y Gáº¯p TÃ³c Tiá»‡n Dá»¥ng",89000,Táº I SAO Báº N NÃŠN MUA Cá»Œ SILICON THAY VÃŒ LOáº I Sá»¢I CÆ¯á»šC?Â Äáº§u cá» lÃ m báº±ng Silicon má»m giÃºp tiáº¿p xÃºc vá»›i bá» máº·t men rá»™ng vÃ  sÃ¡t hÆ¡n nÃªn viá»‡c chÃ¹i nhanh vÃ  sáº¡ch hÆ¡n. Silicon cao cáº¥p khÃ¡c vá»›i cÃ¡c loáº¡i Ä‘áº§u...,https://salt.tikicdn.com/cache/280x280/ts/product/a5/f8/c3/cc834b8eb4596876f8d8c3eaad6b1b8f.jpg,4,0,0
32328782,Trung NguyÃªn Legend - Phin nhÃ´m hoa vÄƒn mÃ u Ä‘en VÄ© NhÃ¢n,79000,"PHIN NHÃ”M HOA VÄ‚N MÃ€U ÄEN VÄ¨ NHÃ‚NÂ GIá»šI THIá»†U Sáº¢N PHáº¨M:- Phin cÃ  phÃª cháº¥t liá»‡u nhÃ´m cao cáº¥p in hoa vÄƒn Doanh nhÃ¢n ráº¥t tinh táº¿. - Phin vá»›i nhiá»u mÃ u Ä‘en sang trá»ng vÃ  huyá»n bÃ­,giÃºp khÃ¡ch hÃ ng thá»ƒ hi...",https://salt.tikicdn.com/cache/280x280/ts/product/0b/54/76/1e14fc3150ef8aec5d8b3ee569ef18a0.jpg,4,0,0
1399571,Gá»‘i Memory Foam 50D HÃ¬nh Cong Lock&Lock HLW111 (50 x 30 cm) - Tráº¯ng,260000,"Gá»‘i Memory Foam 50D HÃ¬nh Cong Lock&Lock HLW111 lÃ  gá»‘i mÃºt hoáº¡t tÃ­nh, loáº¡i mÃºt mÃ  cÃ¡c nhÃ  khoa há»c cá»§a NASA Ä‘Ã£ nghiÃªn cá»©u, cháº¿ táº¡o Ä‘á»ƒ phá»¥c vá»¥ cho cÃ¡c nhÃ  du hÃ nh vÅ© trá»¥ vá»›i má»¥c Ä‘Ã­ch lÃ m giáº£m tá»‘i Ä‘a...",https://salt.tikicdn.com/cache/280x280/ts/product/c0/ee/54/3c4b9a80eedf3b94d89408b7783aa305.jpg,4,0,0
106457363,TÃºi Giá»¯ Nhiá»‡t Äá»±ng Há»™p CÆ¡m 2 NgÄƒn â€“ Chá»n MÃ u TÃºi Giá»¯ Nhiá»‡t Äá»±ng Cáº·p Lá»“ng CÆ¡m â€“ Nhiá»u MÃ u â€“ Chá»‘ng Tháº¥m NÆ°á»›c ChÃ­nh HÃ£ng,44000,TÃºi Giá»¯ Nhiá»‡t Äá»±ng Há»™p CÆ¡m 2 NgÄƒnChá»n MÃ u TÃºi Giá»¯ Nhiá»‡t Äá»±ng Cáº·p Lá»“ng CÆ¡m Nhiá»u MÃ u â€“ Chá»‘ng Tháº¥m NÆ°á»›c ChÃ­nh HÃ£ngMÃ´ táº£ chi tiáº¿t - TÃºi giá»¯ nhiá»‡t Ä‘á»±ng há»™p cÆ¡m vÄƒn phÃ²ng ChÃ­nh hÃ£ng miDoctor:TÃºi giá»¯...,https://salt.tikicdn.com/cache/280x280/ts/product/a3/1a/e2/1b99212889123647b5a0ad0631f97716.jpg,4,0,0
163550425,"Ná»‡m BÃ´ng GÃ²n Xuáº¥t Nháº­t, Ná»‡m Tráº£i SÃ n Tiá»‡n Lá»£i, Äá»‡m VÄƒn PhÃ²ng Size 1m x 2m; 1.4m x 2m; 1.6m x 2m",383000," CAM Káº¾T: Cam káº¿t Ä‘á»•i tráº£ náº¿u hÃ ng khÃ´ng giá»‘ng mÃ´ táº£ vÃ  hoÃ n tiá»n 100% náº¿u sáº£n pháº©m lá»—i.â”€â”€â”€â”€()()()â”€â”€â”€â”€()()()â”€â”€â”€â”€ Cáº¥u táº¡o ná»‡mLá»›p Ã¡o ngoÃ i: Sá»­ dá»¥ng sá»£i váº£i cotton dá»‡t máº­t Ä‘á»™ cao cÃ³ tÃ­nh khÃ¡ng bá»¥i, chá»‘n...",https://salt.tikicdn.com/cache/280x280/ts/product/3e/9f/50/f9a176a10ab1f8a99e7a84bba402a443.jpg,4,0,0
115092053,"Bá»™ ga giÆ°Æ¡Ì€ng poly cotton LIDACO drap giÆ°á»ng Ä‘á»§ size ná»‡m 1m2, 1m4, 1m6, 1m8",59000,"Theo cÃ¡c chuyÃªn gia y táº¿, tá»‘i thiá»ƒu báº¡n nÃªn thay ga giÆ°á»ng, gá»‘i 1 láº§n/tuáº§n. Bá»Ÿi trÃªn máº·t ga giÆ°á»ng, vá» gá»‘i chá»©a vÃ´ sá»‘ vi khuáº©n tá»« táº¿ bÃ o cháº¿t trÃªn da (cÆ¡ thá»ƒ máº¥t hÃ ng triá»‡u táº¿ bÃ o da má»—i ngÃ y), pháº¥n t...",https://salt.tikicdn.com/cache/280x280/ts/product/ca/bb/8d/9ffadc4c5f0886c6d6e333322c49d774.jpg,4,0,0
147265074,"Vá»‰ 2 VPin AA , Pin AAA DURACELL 1,5V SiÃªu Bá»n - HÃ ng chÃ­nh hÃ£ng",32500,"Duracell AA Everyday Alkaline lÃ  dÃ²ng pin vá»›i thÃ nh pháº§n chÃ­nh lÃ  Kiá»m (cÃ´ng nghá»‡ Alkaline) cho kháº£ nÄƒng giá»¯ Ä‘iá»‡n bá»n bá»‰, hiá»‡u xuáº¥t lá»›n hÆ¡n so vá»›i cÃ¡c dÃ²ng pin thÃ´ng dá»¥ng khÃ¡c khÃ¡c.Duracell AA Everyd...",https://salt.tikicdn.com/cache/280x280/ts/product/be/f9/9b/c02723606bb78e04f4a31fe9d57eefac.jpg,4,0,0
119203295,"Combo 5 KhÄƒn Lau Báº¿p, Lau KÃ­nh SiÃªu Tháº¥m HÃºt Parroti - Fiber FB02",49000,"Combo 5 KhÄƒn lau báº¿p lau kÃ­nh siÃªu tháº¥m hÃºt Parroti Fiber FB02Combo 5 KhÄƒn lau báº¿p lau kÃ­nh siÃªu tháº¥m hÃºt Parroti Fiber FB02 Ä‘Æ°á»£c lÃ m tá»« sá»£i Microfiber, cÃ³ tÃ­nh cháº¥t hÃºt nÆ°á»›c cá»±c cao, khÃ´ng Ä‘á»ƒ láº¡i v...",https://salt.tikicdn.com/cache/280x280/ts/product/43/5a/f3/8717a4abcd84a84a629d2bc56325a670.jpg,4,0,0
84886093,Vá»£t muá»—i thÃ´ng minh 3in1 SUNHOUSE SHE-PRO11.W,275000,Äáº·c Ä‘iá»ƒm ná»•i báº­tVá»£t muá»—i thÃ´ng minh 3in1 Sunhouse SHE-PRO11.WÂ tÃ­ch há»£p 3 chá»©c nÄƒng: vá»£t muá»—i + dÃ¨n diá»‡t muá»—i + Ä‘Ã¨n ngá»§.Vá»£t cÃ³ kiá»ƒu dÃ¡ng gá»n nháº¹ vá»›i mÃ u tráº¯ng sang trá»ng táº¡o nÃªn chiáº¿c vá»£t vá»«a hiá»‡n Ä‘...,https://salt.tikicdn.com/cache/280x280/ts/product/de/31/92/652bedcfc66d71445bb9ae9c00072292.png,4,0,0
183907622,"CÃ¢y LÄƒn Bá»¥i Quáº§n Ão, Gháº¿ Sofa - Táº·ng KÃ¨m 2 lÃµi lÄƒn",30000,"LÄ‚N Bá»¤I QUáº¦N ÃO, GHáº¾ SOFE- DÃ¹ng Ä‘á»ƒ lau bá»¥i dÃ­nh á»Ÿ quáº§n Ã¡o, Ä‘áº·c biá»‡t cÃ¡c cháº¥t dÃ­nh len, dáº¡ bá»‹ dÃ­nh do giáº·t chung cÃ¡c loáº¡i quáº§n Ã¡o vá»›i nhau.- Äáº·c biá»‡t nhÃ  ai nuÃ´i chÃ³ mÃ¨o tÃ¬ cá»±c ká»³ há»¯u hiá»‡u.- CÃ¢y lÄƒn...",https://salt.tikicdn.com/cache/280x280/ts/product/79/e2/1f/1d14f97a14bb55301e099f671f660dc6.jpg,4,0,0
119030223,"Keo DÃ¡n GiÃ y, Gá»—, Nhá»±a, Sá»© SiÃªu DÃ­nh Chá»‘ng Tháº¥m Äa NÄƒng Deli - 7Ml / 20Ml - 7140 / 7149 ",17000,"TÃNH NÄ‚NG Sáº¢N PHáº¨M:ï¸Chá»‰ cáº§n 1 lá»›p keo má»ng Ä‘Ã£ táº¡o Ä‘Æ°á»£c má»‘i ná»‘i trong suá»‘t siÃªu cháº¯c vÃ  tá»± nhiÃªn, khÃ´ng tÃ¬ váº¿t.ï¸Bá» máº·t keo nháºµn má»‹n ngay sau khi khÃ´.ï¸Keo dÃ­nh cá»±c máº¡nh, dÃ­nh cháº¯c vÃ  siÃªu bá»n.ï¸PhÃ¹ há»£p v...",https://salt.tikicdn.com/cache/280x280/ts/product/14/c5/69/9cea56085e424732c5c7dd9bea115614.png,4,0,0
185910176,Giáº¥y Náº¿n VÃ ng LÃ³t Ná»“i ChiÃªn KhÃ´ng Dáº§u Sáº¡ch Sáº½ Tiá»‡n Dá»¥ng An ToÃ n Cho Sá»©c Khá»e - 1 set 50 Tá»,79000,"Giáº¥y Náº¿n VÃ ng LÃ³t Ná»“i ChiÃªn KhÃ´ng Dáº§u Sáº¡ch Sáº½ Tiá»‡n Dá»¥ng An ToÃ n Cho Sá»©c Khá»e+ THÃ”NG TIN Sáº¢N PHáº¨M:- Giáº¥y náº¿n vÃ ng Ä‘Æ°á»£c sá»­ dá»¥ng cho ná»“i chiÃªn khÃ´ng dáº§u vá»›i má»¥c Ä‘Ã­ch há»©ng dáº§u má»¡, thá»©c Äƒn vá»¥n bÃ¡m báº©n vÃ ...",https://salt.tikicdn.com/cache/280x280/ts/product/78/12/12/4ec7b7fc2a7e1eda5082d09b27197929.jpg,4,0,0
98562149, 328 CÃ¡i á»ng Co Nhiá»‡t CÃ¡ch Nhiá»‡t á»ng Co PhÃ¢n Loáº¡i Äiá»‡n Tá»­,28989,"DÃ¹ng báº£o vá»‡ má»‘i ná»‘i dÃ¢y Ä‘iá»‡n trong gia Ä‘Ã¬nh, xe mÃ¡y, Ã´ tÃ´, xe Ä‘iá»u khiá»ƒn, mÃ¡y bay Ä‘iá»u khiá»ƒn tá»« xa, káº¿t ná»‘i pinGen co nhiá»‡t cÃ³ kháº£ nÄƒng chá»‘ng chÃ¡y ráº¥t tá»‘t, báº£o vá»‡ mÃ´i trÆ°á»ng, mÃ¡y mÃ³c khá»i nguy cÆ¡ chÃ¡y...",https://salt.tikicdn.com/cache/280x280/ts/product/45/6f/e7/4b6ecbd3404c9da06785ff2bbae42f35.jpg,4,0,0
71924330,Bá»™ Chá»•i QuÃ©t NhÃ  Lock&Lock Gá»“m CÃ¢y Chá»•i vÃ  Dá»¥ng Cá»¥ Há»‘t ETM465,264000,"Äáº·c Ä‘iá»ƒm ná»•i báº­tBá»™ Chá»•i QuÃ©t NhÃ  Gá»“m 1 CÃ¢y Chá»•i + 1 Dá»¥ng Cá»¥ Há»‘t Lock&Lock ETM465 lÃ  sáº£n pháº©m vÃ´ cÃ¹ng tiá»‡n Ã­ch, thay tháº¿ cho cÃ¢y chá»•i quÃ©t bÃ¬nh thÆ°á»ng thÃ¢n inox nhá» , nháº¹ dá»… luá»“n lÃ¡ch nháº¹ nhÃ ng Ä‘...",https://salt.tikicdn.com/cache/280x280/ts/product/a5/3f/7e/7332e8f95dc6d5c7a6f7691a6345bff5.jpg,4,0,0
112321595,"ÄÃ¨n Há»c Chá»‘ng Cáº­n Thá»‹, ÄÃ¨n Äá»c SÃ¡ch, ÄÃ¨n LÃ m Viá»‡c Äá»ƒ BÃ n Chá»‘ng ChÃ³i Máº¯t LÃ³a Máº¯t Báº£o Vá»‡ Máº¯t Chá»‘ng Cáº­n Thá»‹, Cáº£m á»¨ng SiÃªu SÃ¡ng - VinBuy",179000,"ÄÃ¨n Há»c Chá»‘ng Cáº­n Thá»‹, ÄÃ¨n Äá»c SÃ¡ch, ÄÃ¨n LÃ m Viá»‡c Äá»ƒ BÃ n Chá»‘ng ChÃ³i Máº¯t LÃ³a Máº¯t Báº£o Vá»‡ Máº¯t Chá»‘ng Cáº­n Thá»‹, Cáº£m á»¨ng SiÃªu SÃ¡ng - VinBuyÂ BÃ³ng Ä‘Ã¨n led cÃ³Â 3 cháº¿ Ä‘á»™ Ã¡nh sÃ¡ng, má»—i cháº¿ Ä‘á»™ cÃ³ 10 kiá»ƒu tÄƒng giáº£...",https://salt.tikicdn.com/cache/280x280/ts/product/14/5e/e3/f017845fbdd1c0301373abd23bbb1028.png,4,0,0
186627908,"Gháº¿ GÃ¡c ChÃ¢n CÃ´ng ThÃ¡i Há»c Ergonomic Footrest, Gháº¿ KÃª ChÃ¢n Gháº¿ GÃ¡c ChÃ¢n VÄƒn PhÃ²ng",189000,"Gháº¿ GÃ¡c ChÃ¢n CÃ´ng ThÃ¡i Há»c, Gháº¿ KÃª ChÃ¢n VÄƒn PhÃ²ng Ergonomic Footrest Äáº§y Äá»§ PhiÃªn Báº£nÂ Gháº¿ gÃ¡c chÃ¢n cÃ´ng thÃ¡i há»c Ä‘Æ°á»£c nghiÃªn cá»©u vÃ  thiáº¿t káº¿ khoa há»c giÃºp nÃ¢ng Ä‘á»¡ chÃ¢n thoáº£i mÃ¡i khi lÃ m viá»‡c, há»c hÃ n...",https://salt.tikicdn.com/cache/280x280/ts/product/54/4c/f6/7f5acc14c20dd544661625076c678852.jpg,4,0,0
57806524,"Ão MÆ°a Bá»™ Váº£i DÃ¹ Cao Cáº¥p Cho BÃ© Tá»« 3 -10 Tuá»•i, Chá»‘ng Tháº¥m, Che KÃ­n NgÆ°á»i An ToÃ n Cho BÃ©, Lá»±a Chá»n MÃ u Sáº¯c PhÃ¹ Há»£p Giá»›i TÃ­nh (Giao MÃ u - Máº«u Ngáº«u NhiÃªn)",104500,"-Giao MÃ u - Máº«u ngáº«u nhiÃªn, bao bÃ¬ máº«u mÃ£ cÃ³ thá»ƒ thay Ä‘á»•i theo tá»«ng Ä‘á»£t sáº£n xuáº¥t.ThÆ°Æ¡ng hiá»‡u uy tÃ­nh : XUDI- Cháº¥t liá»‡u: Váº£i dÃ¹ 100%- Ão cÃ³ Ä‘Æ°á»£c thiáº¿t káº¿ khÃ³a kÃ©o vÃ  nÃºt báº¥m háº¡n cháº¿ nÆ°á»›c báº¯n vÃ o ng...",https://salt.tikicdn.com/cache/280x280/ts/product/27/4c/1b/14a218ab745e34ffac8119a614cfb5d6.jpg,4,0,0
143841853,BÃ¬nh Giá»¯ Nhiá»‡t Coffee Bugu Mini Inox 304 LI-02 â€“ HÃ ng ChÃ­nh HÃ£ng,108000,"BÃ¬nh Giá»¯ Nhiá»‡t Coffee Bugu Mini Inox 304 LI-02 â€“ HÃ ng ChÃ­nh HÃ£ngÂ 1, THÃ”NG Sá» Ká»¸ THUáº¬T:ThÆ°Æ¡ng hiá»‡u: buguModel: LI-02Váº­t liá»‡u: Inox 304 dÃ y, Náº¯p báº±ng nhá»±a PPDung tÃ­ch: 400ml vÃ  ...",https://salt.tikicdn.com/cache/280x280/ts/product/d7/f3/89/a5e470ebe8de7503b9e5972ac3214cf1.jpg,4,0,0
52756206,1kg TÃºi Äá»±ng RÃ¡c Tá»± PhÃ¢n Há»§y Sinh Há»c Gimex II (full size),28000,TÃºi Ä‘á»±ng rÃ¡c tá»± phÃ¢n há»§y Ä‘Æ°á»£c sáº£n xuáº¥t bá»Ÿi cháº¥t liá»‡u HDPE vÃ  Phá»¥ gia tá»± há»§yTÃºi cÃ³ kháº£ nÄƒng tá»± phÃ¢n há»§y trong mÃ´i trÆ°á»ng tá»± nhiÃªn trong thá»i gian Ã­t hÆ¡n ráº¥t nhiá»u so vá»›i cÃ¡c loáº¡i tÃºi rÃ¡c thÃ´ng thÆ°á»ng ...,https://salt.tikicdn.com/cache/280x280/ts/product/ec/33/1d/10f7afa8372c70d1dd12132af6c9c324.jpg,4,0,0
138952791,"MÃ³c Treo CÃ¢y Lau NhÃ  DÃ¡n TÆ°á»ng Äa NÄƒng Chá»‹u Lá»±c Tá»‘t, 2 Trong 1 - Parroti Keeper KP03",24900,"MÃ³c dÃ¡n tÆ°á»ng treo cÃ¢y lau nhÃ  siÃªu chá»‹u lá»±c Parroti Keeper KP03 lÃ  sáº£n pháº©m tiá»‡n Ã­ch giÃºp cho khÃ´ng gian nhÃ  báº¡n gá»n gÃ ng vÃ  ngÄƒn náº¯p hÆ¡n, miáº¿ng dÃ¡n cháº¯c cháº¯n vÃ  dÃ­nh trÃªn má»i loáº¡i bá» máº·t sÃ ...",https://salt.tikicdn.com/cache/280x280/ts/product/7e/e7/45/1959e6b0dc6d935bcec51fb9bfbde4b1.jpg,4,0,0
181410158,BÃ n LÃ m Viá»‡c Äa NÄƒng Decor Phong CÃ¡ch Gaming ThÆ°Æ¡ng Hiá»‡u IGA - GM62,320000,"THÃ”NG TIN Sáº¢N PHáº¨MCháº¥t liá»‡u: Gá»— MDF phá»§ melamin, chÃ¢n thÃ©p chá»‘ng ghá»‰ sÆ¡n tÄ©nh Ä‘iá»‡nMÃ u sáº¯c: Tráº¯ng - VÃ¢n gá»—KÃ­ch thÆ°á»›c: 80x40x75cm, 120x60x75cmCÃ´ng nÄƒng: Sá»­ dá»¥ng lÃ m bÃ n há»c, bÃ n lÃ m viá»‡c, bÃ n gamin...",https://salt.tikicdn.com/cache/280x280/ts/product/bb/e5/93/ef559e18d19b1792f71eabfc8bf5b1f5.jpg,4,0,0
52504270,Chiáº¿u MÃ¢y Äiá»u HÃ²a Cao Cáº¥p Loáº¡i dÃ y,169000,"Chiáº¿u MÃ¢y Äiá»u HÃ²a Cao Cáº¥pChiáº¿u mÃ¢y Ä‘iá»u hÃ²a hay cÃ²n gá»i lÃ  chiáº¿u sá»£i mÃ¢y Ä‘iá»u hÃ²a nguyÃªn báº£n Ä‘Æ°á»£c lÃ m tá»« cháº¥t liá»‡u lÃ  cÃ¡c sá»£i mÃ¢y Ä‘an vÃ o nhau, máº·t dÆ°á»›i lÃ  lá»›p lÃ³t báº±ng váº£i khÃ´ng, viá»n xung quanh ch...",https://salt.tikicdn.com/cache/280x280/ts/product/d9/4d/57/371b6eb96dbbcdb178c6eaccbf1994a5.jpg,4,0,0
892141,Pin Max 8 + 4 ViÃªn Energizer E92 BP8+4 AAA,155000,"Pin Max 8 + 4 ViÃªn Energizer E92 BP8+4 AAAÂ lÃ  sáº£n pháº©m cÃ³ thá»ƒ sá»­ dá»¥ng cho cÃ¡c loáº¡i mÃ¡y áº£nh, Ä‘iá»u khiá»ƒn tá»« xa, Ä‘Ã¨n Pin, mÃ¡y chÆ¡i game khÃ´ng dÃ¢y, mÃ¡y nghe nháº¡c MP3 vÃ  cÃ¡c thiáº¿t bá»‹ ká»¹ thuáº­t sá»‘ cÃ¡ nhÃ¢n k...",https://salt.tikicdn.com/cache/280x280/ts/product/90/19/31/161a97e4a44ea95c5fbadeec50f6dc47.jpg,4,0,0
1651191,Ká»‡ Äá»¡ MÃ n HÃ¬nh MÃ¡y TÃ­nh Monitor Stand Walnut Plyconcept MSM01003 (490 x 200 mm) - NÃ¢u Äáº­m,250000,Ká»‡ Äá»¡ MÃ n HÃ¬nh MÃ¡y TÃ­nh Monitor Stand Walnut Plyconcept * Hai váº¥n Ä‘á» mÃ  má»i ngÆ°á»i sá»­ dá»¥ng Imac vÃ  desktop hay gáº·p pháº£i Ä‘Ã³ lÃ : 1/ Äa sá»‘ cÃ¡c mÃ n hÃ¬nh mÃ¡y tÃ­nh hiá»‡n táº¡i Ä‘Æ°á»£c thiáº¿t káº¿ khÃ¡ tháº¥p nÃªn khi...,https://salt.tikicdn.com/cache/280x280/ts/product/d7/a2/70/7b652b10c5d7f360cb70557f7066a08e.jpg,4,0,0
104680895,CÃ¢y Lau NhÃ  ÄÆ¡n MyJae Sá»£i Microfiber Xoay 360 Äá»™ PhÃ¹ Há»£p Cho Nhiá»u Loáº¡i ThÃ¹ng Lau 134cm,330000,"Â Â Â Â *ThÃ´ng sá»‘ ká»¹ thuáº­t:ThÆ°Æ¡ng hiá»‡u : MyJaeTÃªn sáº£n pháº©m : CÃ¢y lau nhaÌ€ Ä‘Æ¡n MyJaeKiÌch thÆ°Æ¡Ìc: ChiÃªÌ€u daÌ€i cÃ¢y lau: 144cm, BÃ´ng lau: 40cmMÃ u sáº¯c : Tráº¯ng, TiÌmCháº¥t li...",https://salt.tikicdn.com/cache/280x280/ts/product/7e/a9/41/1caaf8fad71cb297b7eaf3de857d4d2c.jpg,4,0,0
153066085,Pin CR2032 Lithium 3V Maxell cao cáº¥p Made In Japan - HÃ ng chÃ­nh hÃ£ng,30000,- THá»œI GIAN LÆ¯U TRá»® NÄ‚NG LÆ¯á»¢NG : 8 NÄ‚MXUáº¤T Xá»¨ : NHáº¬T Báº¢N- LOáº I PIN : LITHIUM CAO Cáº¤P...,https://salt.tikicdn.com/cache/280x280/ts/product/e6/00/c6/b174ea23614e261b4f099dafbff1731e.png,4,0,0
58357614,"ÄÃ¨n báº¯t muá»—i, ruá»“i vÃ  cÃ¡c loáº¡i cÃ´n trÃ¹ng Con DÆ¡i",350000,"Â 1. Äáº·c Ä‘iá»ƒm ná»•i báº­c cá»§a báº¯t muá»—i, ruá»“i vÃ  cÃ´n trÃ¹ng hiá»‡u CON DÆ I MODEL CN02- TiÃªu diá»‡t muá»—i cáº£ ban ngÃ y vÃ  ban Ä‘Ãªm ( Ä‘Ã¨n báº¯t muá»—i thÃ´ng thÆ°á»ng khÃ´ng báº¯t Ä‘Æ°á»£c muá»—i ban ngÃ y) muá»—i ban ngÃ y má»›i thá»±c sá»±...",https://salt.tikicdn.com/cache/280x280/ts/product/4e/22/61/53990c6bddec720f5f8e2b8cf186be86.png,4,0,0
184245786,"TÃºi Ä‘á»±ng há»™p cÆ¡m giá»¯ nhiá»‡t, tÃºi Ä‘á»±ng Ä‘á»“ Äƒn trÆ°a vÄƒn phÃ²ng cÃ³ lá»›p lÃ³t nhÃ´m giá»¯ nhiá»‡t dÃ y dáº·n, kÃ­ch thÆ°á»›c lá»›n tiá»‡n lá»£i",56050,"TÃºi Ä‘á»±ng há»™p cÆ¡m giá»¯ nhiá»‡t, tÃºi Ä‘á»±ng Ä‘á»“ Äƒn trÆ°a vÄƒn phÃ²ng cÃ³ lá»›p lÃ³t nhÃ´m giá»¯ nhiá»‡t dÃ y dáº·n, kÃ­ch thÆ°á»›c lá»›n tiá»‡n lá»£i- Cháº¥t liá»‡u:Â + BÃªn ngoÃ i lÃ  váº£i oxford cao cáº¥p Ä‘Æ°á»£c chon lá»c.Â + BÃªn trong lÃ  lá»›p ...",https://salt.tikicdn.com/cache/280x280/ts/product/0e/00/0f/1af4422c4c52765f95e4e72b47af13ab.jpg,4,0,0
64988886,BÃ¬nh giá»¯ nhiá»‡t Lock&Lock Flat náº¯p gá»— 400ml - LHC4227,275000,"Äáº·c Ä‘iá»ƒm ná»•i báº­tBÃ¬nh giá»¯ nhiá»‡t Lock&Lock Flat náº¯p gá»— 400ml - LHC4227 cÃ³ lá»›p vá» ngoÃ i cÃ¹ng Ä‘Æ°á»£c lÃ m tá»« thÃ©p khÃ´ng gá»‰ SS304 cá»©ng cÃ¡p, chá»‹u nhiá»‡t tá»‘t, khÃ´ng gÃ¢y pháº£n á»©ng hÃ³a há»c vá»›i thá»±c pháº©m vÃ  ráº¥...",https://salt.tikicdn.com/cache/280x280/ts/product/f5/7f/26/9358b9f1194e8327aa994d7fb6b3b4c1.jpg,4,0,0
122911188,"GÄƒng tay cao su siÃªu dai rá»­a bÃ¡t, bao tay cao su rá»­a chÃ©n, vá»‡ sinh nhÃ  cá»­a, an toÃ n, khÃ´ng mÃ¹i hÃ´i Parroti Active AT01",49000,Â Â Â GÄƒng tay cao su Parroti Active Ä‘Æ°á»£c lÃ m tá»« Nitrile (lÃ m gÄƒng tay y táº¿) vá»«a cÃ³ tÃ­nh cháº¥t an toÃ n vá»›i ngÆ°á»i dÃ¹ng vá»«a cÃ³ tÃ­nh siÃªu dai vÃ  bá»n. KhÃ¡c vá»›i loáº¡i thÃ´ng thÆ°á»ng cÃ³ mÃ¹i hÃ´i cá»§a nhá»±a vÃ  ...,https://salt.tikicdn.com/cache/280x280/ts/product/28/e0/b4/54b98df378887c59a731ccb287b16571.jpg,4,0,0
273244363,"Ká»‡ SÃ¡ch Gá»— 5 Táº§ng, GiÃ¡ SÃ¡ch Äá»©ng Cáº¡nh BÃ n LÃ m Viá»‡c - GP189",346000,"Â Ká»‡ SÃ¡ch Äá»©ng NgÄƒn ChÃ©o - GP189 cÃ³ nhiá»u ngÄƒn cho báº¡n tha há»“ chá»©a Ä‘á»±ng tÃ i liá»‡u, sÃ¡ch, bÃ¡o mÃ  báº¡n cáº§n lÆ°u trá»¯ gá»n gÃ ng ngÄƒn náº¯p trÃ¡nh bá»‹ tháº¥t láº¡c.Ká»‡ sÃ¡ch Ä‘á»©ng nhá» cÃ³ bÃ¡nh xe gáº¯n á»Ÿ bÃªn dÆ°á»›i...",https://salt.tikicdn.com/cache/280x280/ts/product/94/f9/85/b9b179344266b02c39584e232ee7e8ea.jpg,4,0,0
200960836,"DÃ¢y ÄÃ¨n Led Fairy Light Trang TrÃ­ GiÃ¡ng Sinh Biá»ƒu TÆ°á»£ng CÃ¢y ThÃ´ng, NgÆ°á»i Tuyáº¿t, Ã”ng GiÃ  Noel - ChÃ­nh HÃ£ng NAVIVU",79000," ÄÃ³ng gÃ³i:  1 dÃ¢y Ä‘Ã¨n fairy lightï¸ TÃ­nh nÄƒng DÃ¢y Ä‘Ã¨n trang trÃ­ giÃ¡ng sinh vá»›i biá»ƒu tÆ°á»£ng dá»… thÆ°Æ¡ng nhÆ° cÃ¢y thÃ´ng, ngÆ°á»i tuyáº¿t, Ã´ng giÃ  Noel vÃ  chim cÃ¡nh cá»¥t. BÃ³ng Ä‘Ã¨n kiá»ƒu fairy light dá»‹u nháº¹, tiáº¿t k...",https://salt.tikicdn.com/cache/280x280/ts/product/7a/99/d8/a9f21f297340ddf3aca3d693830a8e55.jpg,4,0,0
14681534,Bá»™ tua vÃ­t sá»­a chá»¯a Ä‘á»“ng há»“ Ä‘iá»‡n thoáº¡i,54000,"Bá»™ tua vÃ­t vÃ­ da sá»­a chá»¯a Ä‘á»“ Ä‘iá»‡n tá»­ 25 Ä‘áº§uVá»›i bá»™ tua vÃ­t 25 in 1 nÃ y Ä‘áº£m báº£o báº¡n sáº½ khÃ´ng cÃ²n pháº£i lo láº¯ng sá»­a chá»¯a Ä‘á»“ Ä‘iá»‡n tá»­ khi gáº·p pháº£i nhá»¯ng con á»‘c, vÃ­t siÃªu nhá».Bá»™ tÃ´ vÃ­t vÃ­ daÂ 25in1Â Â mang láº¡...",https://salt.tikicdn.com/cache/280x280/ts/product/19/f9/bf/86e402b40e370ee5f427bbdc23b25f6d.jpg,4,0,0
52484490,Keo DÃ¡n Chá»‘ng Tháº¥m SiÃªu DÃ­nh Nháº­t Báº£n Bosui DÃ i 5m ,35000,"BÄƒng Keo SiÃªu DÃ­nh - Chá»‹u Nhiá»‡t - Chá»‘ng Tháº¥m NÆ°á»›cÂ BAO BÃŒ Sáº¢N PHáº¨M CÃ“ THá»‚ THAY Äá»”I THEO Tá»ªNG Äá»¢T NHáº¬P HÃ€NG .Â TÃNH NÄ‚NG Sáº¢N PHáº¨M- Keo dÃ­nh cá»±c ká»³ cháº¯c, Ä‘Ã£ dÃ¡n lÃ  khÃ´ng thá»ƒ bÃ³c ra Ä‘Æ°á»£c, chá»‹u nÆ°á»›c, ch...",https://salt.tikicdn.com/cache/280x280/ts/product/ee/36/31/550fb17c9c27879bf37cd08aa4965e59.png,4,0,0
46163430,SÃ¡o Recorder Soprano Yamaha YRS-24B Tone C (ÄÃ´) - KÃ¨m MÃ³ng Gáº£y DreamMaker,129000,"SÃ¡o recorder Yamaha YRS-24B lÃ  má»™t loáº¡i sÃ¡o dá»c, dá»… chÆ¡i, Ã­t tá»‘n hÆ¡i hÆ¡n cÃ¡c loáº¡i sÃ¡o trÃºc, tiÃªu Ä‘Æ°á»£c Ä‘Æ°a vÃ o chÆ°Æ¡ng trÃ¬nh giÃ¡o dá»¥c Ã¢m nháº¡c á»Ÿ trÆ°á»ng tiá»ƒu há»c, trung há»c nÆ°á»›c ngoÃ i , Ä‘iá»ƒn hÃ¬nh lÃ  N...",https://salt.tikicdn.com/cache/280x280/ts/product/ba/86/7b/ee1159f2211ad140e527c4b9721d1966.jpg,4,0,0
173732608,"Combo KhÄƒn Lau Äa NÄƒng 2 Máº·t SiÃªu Tháº¥m , KhÄƒn Lau Báº¿p , KhÄƒn Lau KÃ­nh , KhÄƒn Lau ChÃ©n BÃ¡t , KhÄƒn Lau Tay , KhÄƒn Lau Ã” TÃ´ PaKaSa ",38000,"Combo KhÄƒn Lau Äa NÄƒng 2 Máº·t SiÃªu Tháº¥m , KhÄƒn Lau Báº¿p , KhÄƒn Lau KÃ­nh , KhÄƒn Lau ChÃ©n BÃ¡t , KhÄƒn Lau Tay , KhÄƒn Lau Ã” TÃ´ PaKaSa Cháº¥t liá»‡u sá»£i: Microfiber (sá»£i tá»•ng há»£p má»‹n, cÃ³ Ä‘Æ°á»ng kÃ­nh nhá» hÆ¡n 10 m...",https://salt.tikicdn.com/cache/280x280/ts/product/b3/d0/9a/5dad35e6a7cd48b9256693bdb37e759f.jpg,4,0,0
165256438,KhÄƒn máº·t sá»£i tre Bamboo&Love 30x50 má»m máº¡i khÃ¡ng khuáº©n siÃªu tháº¥m hÃºt an toÃ n cho da ngay cáº£ vá»›i tráº» sÆ¡ sinh ,21900,"ğŸŒ¸ ThÃ´ng tin chi tiáº¿t bá»™ sáº£n pháº©m KhÄƒn sá»£i tre- Cháº¥t liá»‡u: 60% Sá»£i tre, 40% Sá»£i conton - KÃ­ch thÆ°á»›c: 30x50 cm- Trá»ng lÆ°á»£ng: 70gram- TÃ­nh nÄƒng SiÃªu tháº¥m hÃºt, nhanh khÃ´ gáº¥p 3-4 láº§n COTTON khÃ¡ng ...",https://salt.tikicdn.com/cache/280x280/ts/product/30/b2/8a/044cb07ca56621fd2cf9bf1f17654e1d.jpg,4,0,0
162548473,Há»™p Äá»±ng GiÃ y Nhá»±a Cá»©ng Cao Cáº¥p Size Lá»›n Cá»­a Nam ChÃ¢m Láº¯p RÃ¡p Tiá»‡n Lá»£i Song Anh- HÃ ng ChÃ­nh HÃ£ng,84000,GIáº¢I PHÃP Tá»I Æ¯U CHO CÄ‚N NHÃ€ Cá»¦A Báº N - Há»˜P Äá»°NG GIÃ€Y ÄA NÄ‚NGï¸ Há»™p giÃºp báº£o quáº£n nhá»¯ng Ä‘Ã´i giÃ y khá»i bá»¥i báº©n.ï¸ Cá»­a má»Ÿ trong suá»‘t cÃ³ thá»ƒ nhÃ¬n tháº¥y giÃ y bÃªn trong.ï¸ Chá»“ng cÃ¡c há»™p thÃ nh khá»‘i lá»›n Ä‘á»ƒ tiáº¿...,https://salt.tikicdn.com/cache/280x280/ts/product/6d/10/99/245a46c05899d7a64bf87915e61d39fb.jpg,4,0,0
36560504,BÃ¬nh NÆ°á»›c Lock&Lock One Touch ABF687 500ml,159000,"Äáº·c Ä‘iá»ƒm ná»•i báº­tKÃ­ch thÆ°á»›c 19 x 6,5 cmNáº¯p, thÃ¢n bÃ¬nh: nhá»±a Tritan / Quai xÃ¡ch: TPE / GioÄƒng: siliconeBÃ¬nh nÆ°á»›c lÃ m tá»« Tritan, khÃ´ng chá»©a cháº¥t Ä‘á»™c háº¡i vÃ  an toÃ n cho sá»©c khá»e cá»§a báº¡n.Dá»… dÃ ng má»Ÿ náº¯...",https://salt.tikicdn.com/cache/280x280/ts/product/28/25/dd/6587ad8f097c705de66e693986b78ad0.jpg,4,0,0
149617968,ThÃ¹ng Ä‘á»±ng gáº¡o thÃ´ng minh M&L Royalcare 6068 - bao gá»“m khay Ä‘á»±ng ngÅ© cá»‘c - chá»‘ng áº©m má»‘c cÃ´n trÃ¹ng - Ä‘á»“ gia dá»¥ng tiá»‡n Ã­ch,469000,M&L â€“ lÃ  thÆ°Æ¡ng hiá»‡u chuyÃªn phÃ¢n phá»‘i nhá»¯ng sáº£n pháº©m Ä‘á»“ gia dá»¥ng thÃ´ng minh â€“ sang trá»ng â€“ tiá»‡n dá»¥ng. M&L luÃ´n theo xu hÆ°á»›ng SMART LIFE Ä‘Æ°á»£c nhiá»u báº¡n tráº» vÃ  cÃ¡c gia Ä‘Ã¬nh hiá»‡n Ä‘áº¡i lá»±a chá»n. M&...,https://salt.tikicdn.com/cache/280x280/ts/product/88/15/87/5f28ec56555b651603c24dd7db6516d2.jpg,4,0,0
75664370,Gá»I Má»€N BIá»†T Äá»˜I RU NGá»¦ 3 IN 1 - Bá»˜ CHÄ‚N Gá»I VÄ‚N PHÃ’NG SIÃŠU Má»ŠN.,189050,"Máº¦U CHÄ‚N Gá»I VÄ‚N PHÃ’NG, Má»€N Gá»I BIá»†T Äá»˜I RU NGá»¦ SIÃŠU Cáº¤P Dá»„ THÆ¯Æ NG MáºªU Má»šI 2021CÃ¡c báº¡n vÄƒn phÃ²ng nghá»‰ trÆ°a, hay cho cÃ¡c bÃ© mang Ä‘i há»c Ä‘á»u ráº¥t áº¥m Ã¡p, hay Ä‘i du lá»‹ch xa, Ä‘i xe khÃ¡ch, xe giÆ°á»ng náº±m, Ä‘á»...",https://salt.tikicdn.com/cache/280x280/ts/product/0e/c1/c4/7ff659dfc45e277e7c006c09c5879c97.jpg,4,0,0
127031393,Ca nÆ°á»›c giá»¯ nhiá»‡t LocknLock Metro Mug LHC4219 475ml,293000,"Äáº·c Ä‘iá»ƒm ná»•i báº­tCa nÆ°á»›c giá»¯ nhiá»‡t LocknLock Metro Mug LHC4219 cÃ³ thá»ƒ giá»¯ nÃ³ng trÃªn 60â„ƒ lÃªn Ä‘áº¿n 3 tiáº¿ng, riÃªng vá»›i Ä‘á»“ uá»‘ng láº¡nh thÃ¬ lÃ¢u hÆ¡n, nhiá»‡t Ä‘á»™ duy trÃ¬ dÆ°á»›i 8â„ƒ lÃªn Ä‘áº¿n 18 tiáº¿ng.Váº­t liá»‡u Ä‘Æ°á»£c s...",https://salt.tikicdn.com/cache/280x280/ts/product/27/9e/33/cb5f8a1f2af9e1d8213c25a6174f0ac5.jpg,4,0,0
148713415,"Tua VÃ­t Cáº§m Tay Nhá» Gá»n, Tiá»‡n Dá»¥ng Láº¯p RÃ¡p VÃ  Sá»­a Chá»¯a Váº­t Dá»¥ng Gia ÄÃ¬nh (5mmx155mm)",27000,"Tua VÃ­t Äa NÄƒng Cáº§m Tay Nhá» Gá»n PK02 - Tiá»‡n Dá»¥ng Láº¯p RÃ¡p VÃ  Sá»­a Chá»¯a Váº­t Dá»¥ng Gia ÄÃ¬nhTuá»‘c nÆ¡ vÃ­t lÃ  má»™t cÃ´ng cá»¥ cáº§n cÃ³ trong bá»™ dá»¥ng cá»¥ cÆ¡ báº£n cá»§a gia Ä‘Ã¬nh. Vá»›i thiáº¿t káº¿ nhá» nháº¯n, Ä‘Æ¡n giáº£n bao gá»“m 1...",https://salt.tikicdn.com/cache/280x280/ts/product/50/54/11/06719016c56448077a6dbdbf0049f9bb.png,4,0,0
131407951,BÃ n lÃ m viá»‡c bÃ n hoc chá»¯ k ,372240,"       Äáº·c Ä‘iá»ƒm ná»•i báº­t .   -BÃ n lÃ m viá»‡c chá»¯ K máº«u má»›i sáº£n pháº©m Ä‘Æ°á»£c ra máº¯t nÄƒm 2020   Cháº¥t liá»‡u khung xÆ°Æ¡ng bÃ n Ä‘Æ°á»£c gia cÃ´ng báº±ng thÃ©p sÆ¡n tÄ©nh Ä‘iá»‡n, chá»‘ng gá»‰ sÃ©t.   VÃ¡n gá»— nhÃ¢n táº¡o (MFC) cÃ³...",https://salt.tikicdn.com/cache/280x280/ts/product/ea/f6/5b/7dadaff7dfbc808dc5ded787cb242b8c.jpg,4,0,0
34818286,"Äá»¦ SIZE - TÃºi báº¡t, tÃºi dá»©a cÃ³ dÃ¢y kÃ©o Ä‘á»±ng Ä‘á»“, quai xÃ¡ch mÃ u ngáº«u nhiÃªn (may tá»« váº£i báº¡t  TÃº PhÆ°Æ¡ng)",70000,"*LÆ¯U Ã: kÃ­ch thÆ°á»›c cÃ³ thá»ƒ sai lá»‡ch 1-3 cm do quÃ¡ trÃ¬nh mayTÃºi quai xÃ¡ch tiá»‡n lá»£iKhÃ³a kÃ©o 3/4 miá»‡ng tÃºi, 2 dÃ¢y kÃ©o cháº¯c cháº¯nVáº£i báº¡t chá»‘ng nÆ°á»›c, cÃ³ thá»ƒ giáº·t vÃ  tÃ¡i sá»­ dá»¥ng nhiá»u láº§nCháº¥t liá»‡u bá»n bá»‰ cho ...",https://salt.tikicdn.com/cache/280x280/ts/product/25/4d/3f/67ee87fcf99334d355b7122616f67c72.jpg,4,0,0
128969410,"Ká»‡ SÃ¡ch Äá»ƒ BÃ n, GiÃ¡ SÃ¡ch Thiáº¿t Káº¿ Hiá»‡n Äáº¡i ThÆ°Æ¡ng Hiá»‡u IGA - GP157",205000,Ká»‡ SÃ¡ch Äá»ƒ BÃ n IGA SAI SHAN - GP157 lÃ  má»™t sáº£n pháº©m thÃ´ng minh Ä‘a nÄƒng cÃ³ thá»ƒ há»— trá»£ báº¡n ráº¥t nhiá»u trong viá»‡c xá»­ lÃ½ váº¥n Ä‘á» trÃªn má»™t cÃ¡ch nhanh gá»n láº¹.Ká»‡ sÃ¡ch Ä‘á»ƒ bÃ n thÃ´ng minh nÃ y cho phÃ©p ...,https://salt.tikicdn.com/cache/280x280/ts/product/0d/a7/a0/23ad976231e196a3f231ded98eec7a68.jpg,4,0,0
71206737,ÄÃ¨n Pin Laser 303 - HÃ ng ChÃ­nh HÃ£ng,133400,THÃ”NG TIN Sáº¢N PHáº¨M- ÄÃ¨n laser 303 cÃ´ng suáº¥t 5.000mw cÃ³ thá»ƒ phÃ¡t tia sÃ¡ng xanh/Ä‘á» (bÆ°á»›c sÃ³ng 532nm) xa hÃ ng km.- ThÃ¢n mÃ¡y: mÃ u Ä‘en- MÃ u Ä‘Ã¨n: MÃ u xanh lÃ¡ cÃ¢y/Ä‘á»- Cháº¥t liá»‡u thÃ¢n: aerometal- NÃºt...,https://salt.tikicdn.com/cache/280x280/ts/product/45/9c/5b/dbee40446f7bfc755892475099abffb5.jpg,4,0,0
110001215,"Náº¹p DÃ¢y Äiá»‡n DÃ¡n TÆ°á»ng SiÃªu DÃ­nh ,Káº¹p DÃ¢y Äiá»‡n Cá»‘ Äá»‹nh VÃ  Giá»¯ DÃ¢y Äiá»‡n SiÃªu Sá»‘c an toÃ n tiá»‡n lá»£i dá»… láº¯p Ä‘áº·t",25000,"Bá»™ 20 miáº¿ng dÃ¡n tÆ°á»ng Ä‘i dÃ¢y Ä‘iá»‡n - káº¹p cá»‘ Ä‘á»‹nh nÃºt giá»¯ luá»“n dÃ¢y Ä‘iá»‡nNáº¹p DÃ¢y Äiá»‡n,Káº¹p DÃ¢y Äiá»‡n dÃ¡n tÆ°á»ng cá»‘ Ä‘á»‹nh dÃ¢y Ä‘iá»‡n,giá»¯ dÃ¢y Ä‘iá»‡n an toÃ n vÃ  tiá»‡n lá»£iPhÃ¢n Loáº¡i :â€¢ Má»—i bá»™ sáº£n pháº©m gá»“m: 20 nÃºt káº¹...",https://salt.tikicdn.com/cache/280x280/ts/product/96/fa/50/c7076604050770456d306f692be8896e.jpg,4,0,0
117353723,Chiáº¿u ngá»§ vÄƒn phÃ²ng cao cáº¥p ,45000,"Chiáº¿u ngá»§ vÄƒn phÃ²ng cao cáº¥p Cháº¥t liá»‡u nhá»±a 2 lá»›p: lá»›p mÃºt vÃ  lá»›p báº¡c Ãªm Ã¡i Gá»n nháº¹, dá»… dÃ ng mang theo khi Ä‘i dÃ£ ngoáº¡i, vÄƒn phÃ²ng Xáº¿p gá»n vÃ  vá»‡ sinh dá»… dÃ ng Cho giáº¥c ngá»§ trÆ°a ngon, khÃ´ng nÃ³ng bá»©cÂ Â ...",https://salt.tikicdn.com/cache/280x280/ts/product/9c/f9/fe/16bb2b3a930c6c8c2f821e671da8ddcb.jpg,4,0,0
63051860, ÄÃ¨n Há»c LÃ m Viá»‡c Äá»c SÃ¡ch Äá»ƒ BÃ n Pixar Chá»‘ng Cáº­n Thá»‹ Báº£o Vá»‡ Máº¯t - HÃ ng ChÃ­nh HÃ£ng eLights,149000,"Sá»° Lá»°A CHá»ŒN Táº¤T Cáº¢ TRONG 1 (ALL IN ONE)Bá»™ sáº£n pháº©m bao gá»“m táº¥t cáº£ nhá»¯ng gÃ¬ báº¡n cáº§n cho cÄƒn phÃ²ng lÃ m viá»‡cBao gá»“m Ä‘Ã¨n bÃ n, chÃ¢n Ä‘áº¿, káº¹p bÃ n, 01 bÃ³ng Ä‘Ã¨nBÃ³ng Ä‘Ã¨n LED cÃ³ thá»ƒ thay Ä‘á»•i 03 mÃ u sáº¯c vÃ ng ...",https://salt.tikicdn.com/cache/280x280/ts/product/44/0e/25/d0b1c8ce748305d97501046fe003e415.jpg,4,0,0
177969021,Bá»™ Há»™p CÆ¡m Giá»¯ Nhiá»‡t 2GOOD Lunch Box HC02 (2000ml) - KÃ¨m Muá»—ng vÃ  ÄÅ©a Inox 304,590000,...,https://salt.tikicdn.com/cache/280x280/ts/product/4b/4b/86/156c1225966e52fc3f168c4037eb2b39.jpg,4,0,0
174236741,GÄƒng tay cao su tá»± nhiÃªn Lock&Lock ETM830 (cÃ³ mÃ³c treo),34000,GÄƒng tay cao su tá»± nhiÃªn Lock&Lock ETM83cÃ³ mÃ³c treo tiá»‡n lá»£i cÃ³ thá»ƒ mÃ³c lÃªn sau khi sá»­ dá»¥ng hoáº·c giáº·t rá»­a.Cháº¥t liá»‡u 100% cao su tá»± nhiÃªn khÃ´ng chá»©a BPA Ä‘á»™c háº¡i.Báº£o vá»‡ da vÃ  mÃ³ng giÃºp tay báº¡n t...,https://salt.tikicdn.com/cache/280x280/ts/product/e2/78/d9/7a71ce9820675aac7c09e628285883da.jpg,4,0,0
56336206,Má»n lÃ´ng cá»«u xÃ¡m cao cáº¥p A - 1m8x2m,171000,"Giáº·t Ä‘Ãºng cÃ¡ch:- Láº§n giáº·t Ä‘áº§u tiÃªn, giáº·t vá»›i nÆ°á»›c láº¡nh trong 5 phÃºt (khÃ´ng ngÃ¢m sáº£n pháº©m vá»›i bá»™t giáº·t hoáº·c nÆ°á»›c xáº£ váº£i), khÃ´ng giáº·t chung vá»›i Ä‘á»“ dÃ¹ng khÃ¡c. LÆ°u Ã½, trong láº§n giáº·t Ä‘áº§u tiÃªn, sáº£n pháº©...",https://salt.tikicdn.com/cache/280x280/ts/product/84/db/ea/ab833afb7769cfbc3cac49e22407768e.png,4,0,0
2153015,Bá»™ VÃ­t 24 MÃ³n Xiaomi Wiha Precision Screwdriver,389000,â–ºâ–º Chi tiáº¿t sáº£n pháº©m: ThÆ°Æ¡ng hiá»‡u: XIAOMIModel: MJJLL SD002QWTrá»ng lÆ°á»£ng sáº£n pháº©m: 230gMÃ´-men xoáº¯n bÃ¡nh rÄƒng: Tá»‘i Ä‘a 20 N.mKÃ­ch thÆ°á»›c tuá»‘c nÆ¡ vÃ­t: 144x34x34mmKÃ­ch thÆ°á»›c thanh má»Ÿ rá»™ng: 110x10x10...,https://salt.tikicdn.com/cache/280x280/ts/product/9f/97/2c/5e870104e3c81c6001c43cfc6a1e4b78.jpg,4,0,0
2151853,Ly Giá»¯ Nhiá»‡t Lock&Lock Swing Tumbler - Báº¡c,370000,"Ly Giá»¯ Nhiá»‡t Lock&Lock Swing Tumbler - Báº¡cÂ lÃ  má»™t trong sá»‘ nhá»¯ng loáº¡i ly giá»¯ nhiá»‡t Ä‘Æ°á»£c nhiá»u ngÆ°á»i yÃªu thÃ­ch vÃ  tin dÃ¹ng bá»Ÿi kháº£ nÄƒng giá»¯ nhiá»‡t tá»‘t, ráº¥t thÃ­ch há»£p cho nhá»¯ng chuyáº¿n dÃ£ ngoáº¡i, d...",https://salt.tikicdn.com/cache/280x280/ts/product/75/90/a8/f212bb73368db41989cb448243c745f7.jpg,4,0,0
44620765,ÄÃ¨n Pin Led SiÃªu SÃ¡ng Mini CÃ³ Sáº¡c USB CÃ³ Há»— Trá»£ Sáº¡c Dá»± PhÃ²ng Láº¡i Cho Äiá»‡n Thoáº¡i Kháº©n Cáº¥p - HÃ ng ChÃ­nh HÃ£ng,88000,"ÄÃ¨n Pin Led SiÃªu SÃ¡ng Mini CÃ³ Sáº¡c USB CÃ³ Há»— Trá»£ Sáº¡c Dá»± PhÃ²ng Láº¡i Cho Äiá»‡n Thoáº¡i Kháº©n Cáº¥p - HÃ ng ChÃ­nh HÃ£ngVideo thá»±c táº¿ ÄÃ¨n Pin Mini LED SiÃªu SÃ¡ng T6Thiáº¿t káº¿ báº±ng há»£p kim nhÃ´m, nhá» gá»n, Ä‘Æ¡n giáº£n v...",https://salt.tikicdn.com/cache/280x280/ts/product/51/2a/c4/382eb8865f53f5fc185aefeb4e0b874e.jpg,4,0,0
118858137,Náº¡o Gá»t Rau Cá»§ Quáº£  Inox 304 HÃ ng Cao Cáº¥p - Mua 1 Láº§n DÃ¹ng MÃ£i MÃ£i,70000, Náº¡o Gá»t Rau Cá»§ Quáº£ JODILY Inox 304 HÃ ng Cao Cáº¥p - Mua 1 Láº§n DÃ¹ng MÃ£i MÃ£i (HoÃ n tiá»n 10 láº§n náº¿u giao hÃ ng khÃ´ng Ä‘Ãºng mÃ´ táº£ vÃ  há»‰nh áº£nh vÃ  video) THÃ”NG TIN Sáº¢N PHáº¨M:  Náº¡o gá»t hoa cá»§ quáº£ lÃ  mÃ³n Ä‘á»“ khÃ´n...,https://salt.tikicdn.com/cache/280x280/ts/product/e2/26/65/b2fc264324b09063df8150963102d0f3.jpg,4,0,0
104110135,"BÃ n cháº£i nhÃ  táº¯m, cá» bá»“n rá»­a Parroti Clever CR01",59000,"BÃ n cháº£i nhÃ  táº¯m Parroti Clever - CR01Sáº£n pháº©m BÃ n cháº£i nhÃ  táº¯m Parroti Clever CR01 dÃ¹ng Ä‘á»ƒ chÃ  rá»­a phÃ²ng toilet, nhÃ  táº¯m, bá»“n rá»­a máº·t má»™t cÃ¡ch hiá»‡u quáº£. ChÃ  sáº¡ch vÃ  nhanh má»i váº¿t dÆ¡ báº©n trÃªn sÃ n, t...",https://salt.tikicdn.com/cache/280x280/ts/product/44/c0/02/b9b98a2cfdf24d8ee26abf58757283d3.jpg,4,0,0
57999394,Bá»™ Ga Gá»‘i Cotton ÄÅ©i Tici LIDACO Cao Cáº¥p - Xanh Mint,145000,"** Bá»™ ga gá»‘i cotton Tici gá»“m: - 01 Ga/Drap bo thun theo kÃ­ch thÆ°á»›c theo yÃªu cáº§u- 02 Vá» gá»‘i náº±m kÃ­ch thÆ°á»›c 50 x 70 cm (~3cm)** Bá»™ ga gá»‘i Cotton tici ( hay cÃ²n gá»i lÃ  cotton thÃ´, hay cotton Ä‘Å©i). Cháº¥t l...",https://salt.tikicdn.com/cache/280x280/ts/product/47/44/55/3a8c3927d7396f870fe3b0cc96bcb2ac.jpg,4,0,0
138507381,Chai xá»‹t chuá»™t thÃ¡i land rat off,83000,"Chai xá»‹t chuá»™t thÃ¡i lan rat off- NhÃ  nÃ o cÃ³ â€œanh tÃ­â€ quanh quáº©n thÃ¬ mua vá» xÃ i thá»­ Ä‘i áº¡, cá»±c kÃ¬ hiá»‡u quáº£ luÃ´n nÃ¨.- Xá»‹t Ä‘uá»•i chuá»™t ThÃ¡i Lan Rat-Off Ä‘uá»•i sáº¡ch chuá»™t, tiÃªu diá»‡t chuá»™t sau 1 tuáº§n xá»‹t.- ...",https://salt.tikicdn.com/cache/280x280/ts/product/28/8c/0b/dab733e56c7ab960cd11088b1b18b293.jpg,4,0,0
149573787,ThÃ¹ng rÃ¡c thÃ´ng minh cáº£m á»©ng tá»± Ä‘á»™ng M&L-FH-2 phong cÃ¡ch HÃ n Quá»‘c,479000,"ThÃ¹ng rÃ¡c thÃ´ng minh cáº£m á»©ng tá»± Ä‘á»™ng M&L - RoyalCare FH-2 phong cÃ¡ch HÃ n Quá»‘c sáº½ thay Ä‘á»•i khÃ¡i niá»‡m vá» thÃ¹ng rÃ¡c cá»§a báº¡n. ThÃ¹ng rÃ¡c thÃ´ng minh M&L - RoyalCare khÃ´ng cÃ²n lÃ  Ä‘á»“ dÃ¹ng hÃ´i hÃ¡m, xáº¥u...",https://salt.tikicdn.com/cache/280x280/ts/product/b9/c9/3f/fcdc3dd26176d408d0fa4b7461836431.jpg,4,0,0
52187161,GiÃ¡ Treo á»” Äiá»‡n DÃ¡n TÆ°á»ng Tiáº¿t Kiá»‡m KhÃ´ng Gian,13000,"GiÃ¡ Treo á»” Äiá»‡n DÃ¡n TÆ°á»ng Tiáº¿t Kiá»‡m KhÃ´ng GianGiÃºp cá»‘ Ä‘á»‹nh á»• Ä‘iá»‡n lÃªn tÆ°á»ng, tiáº¿t kiá»‡m khÃ´ng gian.Cháº¥t liá»‡u nhá»±a nguyÃªn sinh ABS an toÃ n vÃ  thÃ¢n thiá»‡n cho mÃ´i trÆ°á»ng.KÃ­ch thÆ°á»›c 4.5*10.3*0.7cmNáº·ng khoáº£...",https://salt.tikicdn.com/cache/280x280/ts/product/a4/b6/da/75fbba8b6f878a98c37b91336a23f0a3.jpg,4,0,0
10227148,Dá»¥ng Cá»¥ MÃ i Dao 3 Lá»›p Lock&Lock CKK112 (245 x 53 x 72 mm),171000,"Dá»¥ng Cá»¥ MÃ i Dao 3 Lá»›p Lock&Lock CKK112 (245 x 53 mm) cÃ³ thá»ƒ dÃ¹ng Ä‘á»ƒ mÃ i dao báº±ng kim loáº¡i, mÃ i bÃ©n lÆ°á»¡i dao cÃ¹n má»™t cÃ¡ch dá»… dÃ ng, nhanh chÃ³ng.Chá»‰ cáº§n Ä‘áº·t dao vÃ o rÃ£nh vÃ  kÃ©o, má»i chuyá»‡n sáº½ hoÃ n ...",https://salt.tikicdn.com/cache/280x280/ts/product/3c/40/21/4c6a581e755c952b1755aad785d3dd1e.jpg,4,0,0
75615959,"Combo 5 khÄƒn lau Ä‘a nÄƒng siÃªu tháº¥m hÃºt, khÄƒn size lá»›n (30x40 cm) khÄƒn lau kÃ­nh, Ã´ tÃ´, máº·t bÃ n, báº¿p Parroti Fiber FB01",49000,"Â KhÄƒn lau Ä‘a nÄƒng 2 máº·t Parroti Fiber Ä‘Æ°á»£c lÃ m tá»« sá»£i Microfiber, cÃ³ tÃ­nh cháº¥t hÃºt nÆ°á»›c cá»±c cao, khÃ´ng Ä‘á»ƒ láº¡i vá»‡t nÆ°á»›c hay vá»‡t lau trÃªn bá» máº·t. Sá»£i Microfiber cÃ²n cÃ³ tÃ­nh cháº¥t bá»n, khÃ´ng cÃ³ bá»¥i v...",https://salt.tikicdn.com/cache/280x280/ts/product/51/f4/b0/db29a16c52959852918e7a5064f27528.jpg,4,0,0
74396976,"MÃ¡y xay tá»i á»›t báº±ng tay Lock&Lock (Nhiá»u kÃ­ch cá»¡) - HÃ ng chÃ­nh hÃ£ng, lá»±c nghiá»n máº¡nh vá»›i 3 lÆ°á»¡i dao thÃ©p khÃ´ng gá»‰",115000,"MÃ¡y xay tá»i á»›t LocknLock mini nhiá»u size - HÃ ng chÃ­nh hÃ£ng, lÆ°á»¡i xay bÃ©n, kÃ©o tay Ä‘Æ¡n giáº£n, dá»… vá»‡ sinh - JoyMall- Cháº¥t liá»‡u: Nhá»±a PP, ABS, Inox- Dung tÃ­ch:Â + Size S: MÃ u Há»“ng - 400ml - CKS308PIK+ ...",https://salt.tikicdn.com/cache/280x280/ts/product/fd/99/00/c525a4df2bd8916ac4a899cb4f1e6aad.jpg,4,0,0
165404269,KhÄƒn táº¯m sá»£i tre Bamboo&Love 60x120cm má»m máº¡i khÃ¡ng khuáº©n siÃªu tháº¥m hÃºt an toÃ n cho da ngay cáº£ vá»›i tráº» sÆ¡ sinh,95000,"ğŸŒ¸ ThÃ´ng tin chi tiáº¿t bá»™ sáº£n pháº©m KhÄƒn sá»£i tre- Cháº¥t liá»‡u: 60% Sá»£i tre, 40% Sá»£i cotton - KÃ­ch thÆ°á»›c: 60x120 cm- Trá»ng lÆ°á»£ng: 350gram - TÃ­nh nÄƒng: SiÃªu tháº¥m hÃºt, nhanh khÃ´ gáº¥p 3-4 láº§n COTTON kh...",https://salt.tikicdn.com/cache/280x280/ts/product/4f/a7/a5/560ee137a4726e40f51ba169d3501452.jpg,4,0,0
180378151,BÃ¬nh giá»¯ nhiá»‡t LocknLock Metro Drive LHC4277S 650ml - KÃ¨m á»‘ng hÃºt vÃ  cá» rá»­a,319000,"Ly giá»¯ nhiá»‡t Lock&Lock 650ml LHC4277S Metro Drive - HÃ ng chÃ­nh hÃ£ng, kÃ¨m á»‘ng hÃºt cá» rá»­a, thiáº¿t káº¿ náº¯p xoay - JoyMallLy giá»¯ nhiá»‡t LocknLock Metro Drive LHC4277S cÃ³ miáº¿ng lÃ³t tay chá»‘ng trÆ°á»£t giÃºp c...",https://salt.tikicdn.com/cache/280x280/ts/product/42/b3/64/29c2cae5e0d85925945e235a4daa3cde.jpg,4,0,0
189491905,"Nhang Sen Thuáº§n Khiáº¿t LiÃªn TÃ¢m 20.5cm 160 cÃ¢y - Ãt khÃ³i, dá»‹u nháº¹, 100% ÄÃ i sen thiÃªn nhiÃªn",72000,NHANG SEN THUáº¦N KHIáº¾T LIÃŠN TÃ‚MÂ  Má»™t giáº£i phÃ¡p tÃ¢m linh cho gia Ä‘Ã¬nh hiá»‡n Ä‘áº¡iÂ ThÃ´ng tin chi tiáº¿t vá» sáº£n pháº©mÂ Nhang Sen Thuáº§n Khiáº¿t LiÃªn TÃ¢m - 20.5cm - Há»™p 160 cÃ¢y - nhang sáº¡ch hoÃ n toÃ n thiÃªn nhiÃª...,https://salt.tikicdn.com/cache/280x280/ts/product/dd/2c/6f/effc8e9edec7be9c90f68b86d9ea9093.jpg,4,0,0
3490669,CÃ¢y lau nhÃ  tá»± váº¯t thÃ´ng minh Panda ,114000,"CÃ¢y lau nhÃ  thÃ´ng minh tá»± váº¯t khÃ´ Â  Chá»•i lau nhÃ  dá»… dÃ ng váº¯t sáº¡ch vÃ  khÃ´- khÃ´ng pháº£i Ä‘á»™ng tay vÃ o nha má»i ngÆ°á»i.Sáº£n pháº©m gá»“m 1 cÃ¢y lau nhÃ  vÃ  01 bÃ´ng lau kÃ¨m chá»•i- Chá»•i gá»n gÃ ng, tá»± Ä‘á»©ng tháº³ng Ä‘Æ°á»£c....",https://salt.tikicdn.com/cache/280x280/ts/product/35/05/c4/b0614a50ff43711fd9d3320296bd569b.jpg,4,0,0
121396300,"DÃ¢y rÃºt nhá»±a 10cm ,15cm, 20cm, 25cm, 30cm ( Khoáº£ng 80 sá»£i/bá»‹ch )",21000,"** DÃ¢y rÃºt nhÆ°a 10cm, 15cm,25cm ,30cm MUA 10 Bá»ŠCH SIZE Báº¤T Ká»² Táº¶NG 1 Bá»ŠCH LOáº I 10 CM ( 1 Táº¤C ) , MDÃ¢y rÃºt nhá»±a lÃ  má»™t loáº¡i sá»£i Ä‘Æ°á»£c lÃ m báº±ng cháº¥t liá»‡u nhá»±a (PA Nylon 66) Æ°u Ä‘iá»ƒm cá»§a nhá»±a polime nÃ y l...",https://salt.tikicdn.com/cache/280x280/ts/product/a0/0c/cb/6335396a25d0899c30c5191af9da3685.jpg,4,0,0
17593518,Bá»™ Há»™p CÆ¡m Giá»¯ Nhiá»‡t ThÃ©p KhÃ´ng Gá»‰ Lock & Lock LHC8031SLV - Báº¡c,668000,"Bá»™ Há»™p CÆ¡m Giá»¯ Nhiá»‡t ThÃ©p KhÃ´ng Gá»‰ Lock & Lock LHC8031SLV-OCH - Báº¡c Gá»“m 3 há»™p: 1 Há»™p cÆ¡m 460ml, 1 há»™p thá»©c Äƒn 420ml vÃ  1 há»™p 280ml, 1 tÃºi Ä‘á»±ng, 1 Ä‘Ã´i Ä‘Å©aThiáº¿t káº¿ sang trá»ng, Ä‘Æ°á»ng nÃ©...",https://salt.tikicdn.com/cache/280x280/ts/product/0a/cc/be/bd46ed18db8a626ab5c547c317f8d662.jpg,4,0,0
10032000,á»” cáº¯m Ä‘a nÄƒng du lá»‹ch Adapter,85000,"á»” cáº¯m Ä‘iá»‡n quá»‘c táº¿ Ä‘a nÄƒng du lá»‹ch Universal Travel AC AdapterThÃ´ng tin sáº£n pháº©m:- PhÃ¹ há»£p vá»›i cÃ¡c báº¡n thÆ°á»ng xuyÃªn cÃ³ nhu cáº§u Ä‘i du lá»‹ch nÆ°á»›c ngoÃ i, Ä‘i cÃ´ng tÃ¡c, lÃ m viá»‡- TÆ°Æ¡ng thÃ­ch vá»›i chuáº©n á»• c...",https://salt.tikicdn.com/cache/280x280/ts/product/28/44/91/04141c5e5179098b10ca2d5361fec7fb.jpeg,4,0,0
147806385,"ÄÅ©a gáº¯p thá»©c Äƒn váº·t DandiHome siÃªu nháº¹ cho chÆ¡i game, lÃ m viá»‡c vÄƒn phÃ²ng",12000,"ÄÅ©a gáº¯p thá»©c Äƒn váº·t lÃ  1 lá»±a chá»n tuyá»‡t vá»i cho cÃ¡c game thá»§, hay dÃ¢n vÄƒn phÃ²ng hay pháº£i ngá»“i chÆ¡i game, lÃ m viá»‡c vá»›i mÃ¡y tÃ­nh mÃ  láº¡i khÃ´ng muá»‘n bá»‹ báº©n tay.- Vá»›i cháº¥t liá»‡u: nhá»±a - an toÃ n vá»‡ sinh, d...",https://salt.tikicdn.com/cache/280x280/ts/product/25/26/d4/5014037eae2f04d1a2c2a17a48f476f0.jpg,4,0,0
134853381,BÃ¬nh giá»¯ nhiá»‡t LocknLock Feather Light Ring 460ml,310000,"Äáº·c Ä‘iá»ƒm ná»•i báº­tBÃ¬nh giá»¯ nhiá»‡t Lock&Lock Feather Light Ring LHC4244 cÃ³ cáº¥u táº¡o 4 lá»›p vá»›i lá»›p trong cÃ¹ng vÃ  ngoÃ i cÃ¹ng Ä‘Æ°á»£c lÃ m báº±ng thÃ©p khÃ´ng gá»‰ SUS304,2 lá»›p giá»¯a lÃ  lá»›p máº¡ Ä‘á»“ng vÃ  lá»›p chÃ¢n khÃ´...",https://salt.tikicdn.com/cache/280x280/ts/product/db/93/72/eb78f4fde20c982948ea782fb2279a1c.jpg,4,0,0
162526068,"Äáº¥t trá»“ng cÃ¢y SOILMIX cho hoa há»“ng, cÃ¢y cáº£nh, sen Ä‘Ã¡, rau sáº¡ch há»¯u cÆ¡, bá»• sung phÃ¢n bÃ³n vi sinh, trichoderma, Ä‘Ã¡ perlite",49000,"Äáº¥t trá»“ng cÃ¢y há»¯u cÆ¡ Soilmix, giÃ¡ thá»ƒ sáº¡ch trá»“ng sen Ä‘Ã¡, hoa há»“ng, cÃ¢y cáº£nh, chá»©a phÃ¢n bÃ³n vi sinh, trichoderma, perliteThÃ´ng tin sáº£n pháº©m: Äáº¥t trá»“ng cÃ¢y Soilmix lÃ  há»—n há»£p Ä‘áº¥t trá»“ng cÃ¢y Ä‘Æ°á»£c phá»‘i t...",https://salt.tikicdn.com/cache/280x280/ts/product/f1/a0/4a/82135d6bc76d2a2d69b53064249ea3f1.jpg,4,0,0
77775165,Há»™p Báº£o Quáº£n Thá»§y Tinh Lock&Lock LBG - Top Class (Nhiá»u Dung TÃ­ch),82600,"Há»™p Báº£o Quáº£n Thá»§y Tinh Locknlock Top Class cÃ³ kháº£ nÄƒng Ä‘Ã³ng kÃ­n tuyá»‡t Ä‘á»‘i ngÄƒn cháº·n khÃ´ng khÃ­ bÃªn ngoÃ i vÃ  bÃªn trong nhá» ""khÃ³a 4 cáº¡nh"".Náº¯p Ä‘Æ°á»£c lÃ m tá»« ""cháº¥t liá»‡u tritan"" nÃªn cÃ³ thá»ƒ sá»­ dá»¥ng lÃ¢u dÃ ...",https://salt.tikicdn.com/cache/280x280/ts/product/2f/72/bd/196813f7090b2d34f4755aa92c8d9d09.jpg,4,0,0
57945711,Há»™p Ä‘á»±ng bÃ n cháº£i kem Ä‘Ã¡nh rÄƒng nhÃ  táº¯m táº·ng kÃ¨m 4 cá»‘c-Ká»‡ Ä‘á»ƒ Ä‘á»“ vá»‡ sinh rÄƒng miá»‡ng dÃ¡n tÆ°á»ng (mÃ u ngáº«u nhiÃªn),229000,"Há»™p Ä‘á»±ng bÃ n cháº£i kem Ä‘Ã¡nh rÄƒng nhÃ  táº¯m táº·ng kÃ¨m 4 cá»‘c-Ká»‡ Ä‘á»ƒ Ä‘á»“ vá»‡ sinh rÄƒng miá»‡ngCháº¥t liá»‡u Ká»‡ treo bÃ n cháº£i Ä‘Ã¡nh rÄƒngGiÃ¡ Ä‘á»ƒ Ä‘á»“ Ä‘Æ°á»£c lÃ m báº±ng nhá»±a,sáº¯t sÆ¡n tÄ©nh Ä‘iá»‡n ráº¥t bá»n vÃ  cháº¯c cháº¯nÂ Nhá» cÃ³ ká»‡ ...",https://salt.tikicdn.com/cache/280x280/ts/product/2d/2e/0e/6091e6e3f0436a285ff292bbc275d4a9.jpg,4,0,0
949687,Ká»‡ Äá»¡ MÃ n HÃ¬nh MÃ¡y TÃ­nh Monitor Stand Plyconcept MSM01001 (490 x 200 mm) - Gá»—,250000,Ká»‡ Äá»¡ MÃ n HÃ¬nh MÃ¡y TÃ­nh Monitor Stand Plyconcept * Hai váº¥n Ä‘á» mÃ  má»i ngÆ°á»i sá»­ dá»¥ng Imac vÃ  desktop hay gáº·p pháº£i Ä‘Ã³ lÃ : 1/ Äa sá»‘ cÃ¡c mÃ n hÃ¬nh mÃ¡y tÃ­nh hiá»‡n táº¡i Ä‘Æ°á»£c thiáº¿t káº¿ khÃ¡ tháº¥p nÃªn khi lÃ m vi...,https://salt.tikicdn.com/cache/280x280/ts/product/fa/74/f4/aaa495a51c07be8f13e0cde59148cee0.jpg,4,0,0
178783625,Combo 2 GiÃ¡ Ä‘á»¡ bÃ n cháº£i mÃ¡y dÃ¡n tÆ°á»ng NAVIVU,47000,GiÃ¡ Ä‘á»¡ bÃ n cháº£i mÃ¡y dÃ¡n tÆ°á»ng NAVIVUSáº£n pháº©m khÃ¡ch nháº­n Ä‘Æ°á»£c sáº½ gá»“m 2 giÃ¡ Ä‘á»¡ bÃ n cháº£i mÃ¡y dÃ¡n tÆ°á»ng NAVIVU khÃ´ng bao gá»“m bÃ n cháº£i hay phá»¥ kiá»‡n khÃ¡c.Â Â ...,https://salt.tikicdn.com/cache/280x280/ts/product/fa/f4/47/731242767ee0ce1b583224f51ffb822f.jpg,4,0,0
102488853,"ThÃ¹ng Äá»±ng Gáº¡o Cao Cáº¥p 5kg & 10kg - ThÃ¹ng Äá»±ng Gáº¡o Náº¯p Äáº­y ThÃ´ng Minh, Thiáº¿t Káº¿ Hiá»‡n Äáº¡i & Äáº¹p Máº¯t, Cháº¥t Liá»‡u ABS &PP An ToÃ n Chá»‘ng NÆ°á»›c, Chá»‘ng áº¨m Má»‘c, Má»‘i Má»t - HÃ ng Nháº­p Kháº©u",203000," Sáº£n pháº©m chÃ­nh hÃ£ng , nguá»“n gá»‘c xuáº¥t xá»© rÃµ rÃ ng , hÃ ng cháº¥t lÆ°á»£ng cao. TÆ° váº¥n/hÆ°á»›ng dáº«n nhiá»‡t tÃ¬nh chu Ä‘Ã¡o. HÃ£y chá»n sáº£n pháº©m cá»§a SHOP Ä‘á»ƒ Ä‘Æ°á»£c tráº£i nghiá»‡m mua sáº¯m tuyá»‡t vá»i nháº¥t vá»›i sáº£n pháº©m cháº¥t lÆ°á»£...",https://salt.tikicdn.com/cache/280x280/ts/product/1d/17/97/84c51841e989ff2335dd2231e6b8048f.jpg,4,0,0
206485076,HÆ°Æ¡ng nhang sáº¡ch DÆ°Æ¡ng Minh nhang 20cm vÃ  30cm 100% thÃ nh pháº§n tá»± nhiÃªn cÃ¡c loáº¡i nhang Cam Sáº£ nhang Bá»“ Káº¿t nhang Báº¯c nhang Tháº£o Má»™c nhang Quáº¿ nhang Khuynh Diá»‡p vÃ  Tráº§m HÆ°Æ¡ng cao cáº¥p,48000,"Má»™t nÃ©n hÆ°Æ¡ng - Má»™t lÃ²ng thÃ nh kÃ­nh. Má»™t lÃ n khÃ³i - Má»™t tÃ¢m an. Hay Ä‘Æ¡n giáº£n lÃ  sá»± thÆ° giÃ£n tá»‹nh tÃ¢m sau 1 ngÃ y dÃ i lÃ m viá»‡c cÄƒng tháº³ng.Báº¡n chá»n lÃ n khÃ³i thiÃªn nhiÃªn thuáº§n khiáº¿t, lÃ n khÃ³i an toÃ n cho...",https://salt.tikicdn.com/cache/280x280/ts/product/f5/16/c0/23e2b93f2cc5a241d6eb6911f003dd8a.png,4,0,0
52578184,"TuÃ½p Keo DÃ¡n Äá»“ Gia Dá»¥ng SiÃªu DÃ­nh, Keo DÃ¡n Kim Loáº¡i Cao Cáº¥p",15000,"TuÃ½p Keo DÃ¡n Äá»“ Gia Dá»¥ng SiÃªu DÃ­nh, Keo DÃ¡n Kim Loáº¡i Tongcen Cao Cáº¥pKeo dÃ¡n siÃªu dÃ­nh khi Ä‘Ã£ khui ra nÃªn sá»­ dá»¥ng ngay, khÃ´ng tÃ¡i sá»­ dá»¥ng khi má»Ÿ náº¯p sáº½ lÃ m keo bá»‹ cháº¿t. Keo dáº¡ng Ä‘áº·c quÃ¡nh, nÃªn cáº§n bÃ³...",https://salt.tikicdn.com/cache/280x280/ts/product/53/eb/b6/262ae27f4ad5ce158415447ec505f789.jpg,4,0,0
57867023,CÃ¢y Lau NhÃ  Xoay 360 ÄÃ´Ì£ Sunhouse Ks-Mo350I,127000,"Äáº·c Ä‘iá»ƒm ná»•i báº­tCÃ¢y lau nhÃ  xoay 360 Ä‘á»™ SUNHOUSE KS-MO350IÂ cÃ³ cÃ¡n lÃ m báº±ng inox 201 vá»›i tay cáº§m báº±ng nhá»±a PP cao cáº¥p, cháº¯c cháº¯n, khÃ´ng bá»‹ han gá»‰ vÃ  cÃ³ thá»ƒ thÃ¡o láº¯p dá»… dÃ ng khi sá»­ dá»¥ng. CÃ¢y lau cÃ³ th...",https://salt.tikicdn.com/cache/280x280/ts/product/a7/95/24/9e3b9498b44a189d0cee7dfaac01428a.jpg,4,0,0
110894852,"Giáº¥y Báº¡c MÃ ng NhÃ´m MyJae ÄÃ i Loan Äá»ƒ Báº£o Quáº£n, NÆ°á»›ng Thá»©c Ä‚n, Bá»c Thá»±c Pháº©m 30cm x 14m",85000,"ThÆ°Æ¡ng hiá»‡u: MyJaeMÃ u sáº¯c: Báº¡cCháº¥t liá»‡u: NhÃ´mKÃ­ch thÆ°á»›c: 30cm x 14mÄáº·c Ä‘iá»ƒm ná»•i báº­t:-Giáº¥y nhÃ´m bá»c thá»±c pháº©m, khÃ´ng Ä‘á»™c háº¡i, an toÃ n khi sá»­ dá»¥ng-LÃ m nÃ³ng thá»©c Äƒn, hiá»‡u quáº£ giá»¯ nhiá»‡t tá»‘t-Th...",https://salt.tikicdn.com/cache/280x280/ts/product/e4/a5/ba/78ad9039c50b88c233b0aacff84e2dac.png,4,0,0
82875291,"Bá»™ 2 thÃ¹ng váº£i, há»™p váº£i Ä‘á»±ng Ä‘á»“ Ä‘a nÄƒng -MÃ u NÃ¢u Kem + Táº·ng kÃ¨m dÃ¢y cá»™t tÃ³c- Há»™p váº£i Ä‘á»±ng quáº§n Ã¡o 2 size Ä‘á»±ng quáº§n Ã¡o, Ä‘á»“ lÃ³t, giÃ y, vÄƒn phÃ²ng pháº©m, Ä‘á»“ dÃ¹ng cÃ¡ nhÃ¢n ráº¥t tiá»‡n lá»£i-Bá»™ 2 há»™p váº£i Ä‘á»±ng Ä‘á»“ váº£i canvas siÃªu xinh cÃ³ náº¯p Ä‘áº­y, tá»§ váº£i Ä‘á»±ng Ä‘á»“ há»™p cÃ¡i ",104000,"Bá»˜ 2 Há»˜P Váº¢I Äá»°NG Äá»’ Váº¢I CANVASÂ GiÃºp báº¡n cáº¥t gá»n Ä‘á»“ Ä‘áº¡c, tiáº¿t kiá»‡m khÃ´ng gianVáº£i khÃ´ng dá»‡t, gia cá»‘ cÃ¡c tÃ´ng, chá»‘ng mÃ i mÃ²n vÃ  bá»n. Â Thiáº¿t káº¿ tay cáº§m Ä‘á»ƒ dá»… dÃ ng cáº§m náº¯m Â Â Â ThÃ­ch há»£p cho quáº§n Ã¡o...",https://salt.tikicdn.com/cache/280x280/ts/product/d9/17/e0/c522971a3aad2d816552f230b20603db.jpg,4,0,0
12030860,"Ão MÆ°a kÃ­n ngÆ°á»i KhÃ´ng Xáº» TÃ  Váº£i DÃ¹ HÃ ng Cao Cáº¥p Chá»‘ng Tháº¥m Cá»±c Tá»‘t, Ão MÆ°a Äi Xe MÃ¡y",100000,"Ão mÆ°a lÃ  sáº£n pháº©m thÃ´ng dá»¥ng, khÃ´ng thá»ƒ thiáº¿u khi mÃ¹a mÆ°a Ä‘áº¿n, giÃºp báº¡n trÃ¡nh nhá»¯ng cÆ¡n mÆ°a báº¥t chá»£t, Ã¡o mÆ°a Ä‘Æ°á»£c cáº¯t may tá»« váº£i dÃ¹ cÃ³ Ä‘á»™ bá»n cao hÆ¡n cÃ¡c loáº¡i váº£i khÃ¡cÂ ÃO MÆ¯A KIá»‚U BÃT 2 BÃŠN KHÃ”NG X...",https://salt.tikicdn.com/cache/280x280/ts/product/e4/23/0d/a2c1de1e8550996d8de9bffdf4e7200e.png,4,0,0
19298165,"Ão MÆ°a Bá»™ Cho BÃ© Trai, BÃ© GÃ¡i ( sá»‘ 1-5) - Giao máº«u ngáº«u nhiÃªn",51000,"KÃ­ch thÆ°á»›c:+ Size 1: DÃ nh cho bÃ© tá»« 1 Ä‘áº¿n 2 tuá»•iÂ  chiá»u cao tá»« 80-1m , trá»ng lÆ°á»£ng 9-12kg+ Size 2: DÃ nh cho bÃ© tá»« 2.5 Ä‘áº¿n 4.5 tuá»•i chiá»u cao tá»« 85 - 100cm , trá»ng lÆ°á»£ng 15-19kg+ Size 3: DÃ nh cho bÃ©...",https://salt.tikicdn.com/cache/280x280/ts/product/e7/35/2f/a943690f9faa2f5464489e5c0564db1e.jpg,4,0,0
55900887,"ÄÃ¨n BÃ n Há»c Äá»c SÃ¡ch, LÃ m Viá»‡c (Há»c Sinh, Sinh ViÃªn, VÄƒn PhÃ²ng) LED Chá»‘ng Cáº­n, Cáº£m á»¨ng NhÃ´m Cao Cáº¥p eLights",329000,"THIáº¾T Káº¾ SANG TRá»ŒNG - Äáº²NG Cáº¤PCháº¥t liá»‡u há»£p kim nhÃ´m Ä‘áº³ng cáº¥p, cháº¯c cháº¯n vÃ  sang trá»ngCÃ³ thá»ƒ gáº­p á»Ÿ 2 vá»‹ trÃ­, linh hoáº¡t, chiáº¿u sÃ¡ng tá»›i vá»‹ trÃ­ lÃ m viá»‡cBá»€N Bá»ˆHá»‡ thá»‘ng 26 bÃ³ng Ä‘Ã¨n LED tiáº¿t kiá»‡m n...",https://salt.tikicdn.com/cache/280x280/ts/product/e3/2f/98/356fb347dc3019b36888f7f893882df5.jpg,4,0,0
14640240,CÃ¢n Äiá»‡n Tá»­ NhÃ  Báº¿p 5kg - CÃ¢n Chia Thá»±c Pháº©m NhÃ  Báº¿p - CÃ¢n Tiá»ƒu Ly 5kg,99000,"CÃ¢n Äiá»‡n Tá»­ NhÃ  Báº¿p 5kgÂ HÃ¬nh 1:Â  áº¢nh tá»•ng quan sáº£n pháº©m CÃ¢n Ä‘iá»‡n tá»­ nhÃ  báº¿p 5kgÂ CÃ¢n Ä‘iá»‡n tá»­ 5kg cÃ³ kÃ­ch thÆ°á»›c 16cm x 12.5cm lÃ m tá»« cháº¥t liá»‡u nhá»±a ABS cao cáº¥p, mÃ u tráº¯ng sang trá»ng, sáº¡ch sáº½. CÃ¢n cÃ³...",https://salt.tikicdn.com/cache/280x280/ts/product/6f/d3/ec/2579ecef70b0b129485bc43b2285d168.jpg,4,0,0
467912,MÃ¡y Khoan Äá»™ng Lá»±c Bosch GSB 550 550W Set VÃ  Bá»™ Dá»¥ng Cá»¥ 100 Chi Tiáº¿t,1650000,"Thiáº¿t káº¿ nhá» gá»n, thÃ­ch há»£p vá»›i má»i khÃ´ng gianMÃ¡y khoan Ä‘á»™ng lá»±c Bosch GSB 550 550WÂ sá»Ÿ há»¯uÂ thiáº¿t káº¿ nhá» gá»n vá»›i khá»‘i lÆ°á»£ng chá»‰ 1.8 kg, giÃºp ngÆ°á»i dÃ¹ng thoáº£i mÃ¡i khi sá»­ dá»¥ng thÃ­ch há»£p bá»‘ trÃ­ á»Ÿ nhá»¯ng k...",https://salt.tikicdn.com/cache/280x280/ts/product/dd/f8/79/e67e711ea310e5a0baa4fd06db8ddbd9.jpg,4,0,0
179370829,GÃ“I 20 VIÃŠN KHÄ‚N GIáº¤Y NÃ‰N HÃ€N QUá»C HÃŒNH VIÃŠN Káº¸O ÄA NÄ‚NG,37000,"  GÃ“I 20 VIÃŠN KHÄ‚N GIáº¤Y NÃ‰N HÃ€N QUá»C HÃŒNH VIÃŠN Káº¸O ÄA NÄ‚NG   MÃ¹a hÃ¨, mÃ¹a du lá»‹ch, mÃ¹a dÃ£ ngoáº¡i, hay Ä‘i lÃ m, KHÄ‚N GIáº¤Y NÃ‰N nÃ y thÃ¬ quÃ¡ cáº§n thiáº¿t. Cá»±c tiá»‡n cho nhÃ¢n viÃªn vÄƒn phÃ²ng, cÃ¡c báº¡n hay Ä‘i cÃ´ng...",https://salt.tikicdn.com/cache/280x280/ts/product/21/0c/a5/c5b98caa0bdb87a9213f0d9ce8b064ae.jpeg,4,0,0
114204740,BiÌ€nh giÆ°Ìƒ nhiÃªÌ£t inox 304 Sunhouse 900ml KS-TU900I,146000,"BiÌ€nh giÆ°Ìƒ nhiÃªÌ£t inox 304 Sunhouse 900ml KS-TU900I cÃ³ kiá»ƒu dÃ¡ng nÄƒng Ä‘á»™ng, phÃ¹ há»£p vá»›i cÃ¡c hoáº¡t Ä‘á»™ng thá»ƒ thaoCháº¥t liá»‡u inox cao cáº¥p 304, an toÃ n tuyá»‡t Ä‘á»‘i vá»›i sá»©c khá»eNáº¯p cÃ³ giÄƒng silicone giÃºp náº¯p...",https://salt.tikicdn.com/cache/280x280/ts/product/aa/4b/08/c6f5d8d4f2e263cb59b566a1cd23b6cb.jpg,4,0,0
53518638,2 MÃ³c DÃ¡n TÆ°á»ng Giá»¯ DÃ¢y Cáº¯m Äiá»‡n PhÃ­ch Cáº¯m Loáº¡i Trong Suá»‘t,14000,"MÃ³c dÃ¡n tÆ°á»ng giá»¯ dÃ¢y Ä‘iá»‡n loáº¡i trong suá»‘tGiÃºp há»‡ thá»‘ng dÃ¢y Ä‘iá»‡n nhÃ  báº¡n luÃ´n Ä‘Æ°á»£c giá»¯ gá»n gÃ ng, an toÃ n khi khÃ´ng sá»­ dá»¥ng.CÃ³ thá»ƒ treo cÃ¡c loáº¡i váº­t dá»¥ng Ä‘Æ¡n giáº£n khÃ¡c vÃ  ráº¥t nhiá»uKÃ­ch thÆ°á»›c :6.5*6...",https://salt.tikicdn.com/cache/280x280/ts/product/2f/b9/20/ed0f042dd14f251ceb19267e00189ea5.jpeg,4,0,0
21101765,BÃ n Há»c BÃ n LÃ m Viá»‡c Káº¿t Há»£p Ká»‡ SÃ¡ch ThÆ°Æ¡ng Hiá»‡u IGEA,729000,Báº¡n Ä‘ang cáº§n tÃ¬m bÃ n lÃ m viá»‡c cÃ³ thiáº¿t káº¿ hiá»‡n Ä‘áº¡i Ä‘áº¹p máº¯tBáº¡n cáº§n tÃ¬m máº«u bÃ n lÃ m viá»‡c cháº¯c cháº¯c dá»… dÃ ng láº¯p Ä‘áº·tBáº¡n muá»‘n chiáº¿c bÃ n lÃ m viá»‡c pháº£i cÃ³ giÃ¡ sÃ¡ch giÃ¡ Ä‘á»ƒ Ä‘á»“ Ä‘i kÃ¨m Ä‘á»ƒ thuáº­n tiá»‡n khi lÃ m vi...,https://salt.tikicdn.com/cache/280x280/ts/product/d7/fc/82/5b994949feaf861a3da83ecfb02cb64b.jpg,4,0,0
3927949,"Bá»™ sáº¡c Energizer Charger kÃ¨m 4 pin Ener AA 2000mAh, tá»± ngáº¯t sáº¡c (CHVCM4)",460000,"THÃ”NG TIN Sáº¢N PHáº¨MTÃªn mÃ¡y: MÃ¡y sáº¡c pin Energizer Recharge kÃ¨m 2 pin TRAY Energizer AA 2000mAhXuáº¥t xá»©: ChÃ­nh hÃ£ng EnergizerNhÃ  sáº£n xuáº¥t: Shenzhen Highpower Technology CO., LTD.Sáº¡c pin: Sáº¡c 2-4 pin ...",https://salt.tikicdn.com/cache/280x280/ts/product/00/fc/77/ff9b52c3629c53b197591dd6691728bb.jpg,4,0,0
199728521,BÃ´Ì£ lau nhÃ  Ä‘a nÄƒng Space Saving Sunhouse KS-CL3211P,360000,"Cháº¥t liá»‡u nhá»±a PP siÃªu bá»n, an toÃ nBá»™ lau nhÃ  Ä‘a nÄƒng Space Saving SUNHOUSE KS-CL3211PB Ä‘Æ°á»£c thiáº¿t káº¿ tiá»‡n dá»¥ng vá»›i thÃ¹ng váº¯t lÃ m báº±ng nhá»±a nguyÃªn sinh PP bá»n bá»‰, chá»‹u lá»±c tá»‘t, háº¡n cháº¿ cháº§y xÆ°á»›c. Thi...",https://salt.tikicdn.com/cache/280x280/ts/product/c3/b2/28/75f657efff241e42a0a46f09d98186e9.png,4,0,0
121602582,"BÃ¬nh xá»‹t chá»‘ng tháº¥m tÆ°á»ng, Keo chá»‘ng dá»™t xá»‹t chá»‘ng tháº¥m nhÃ , mÃ¡i tÃ´n, bá»ƒ nÆ°á»›c 720ml Waterproof",57000,"Theo thá»i gian, dÆ°á»›i sá»± tÃ¡c Ä‘á»™ng, mÃ i mÃ²n cá»§a thá»i tiáº¿t, má»™t sá»‘ bá»™ pháº­n cá»§a cÃ´ng trÃ¬nh xÃ¢y dá»±ng dá»… bá»‹ xuá»‘ng cáº¥p. Máº·t khÃ¡c, quÃ¡ trÃ¬nh xuá»‘ng cáº¥p diá»…n ra nhanh chÃ³ng cÃ³ thá»ƒ xuáº¥t phÃ¡t tá»« nhá»¯ng sai sÃ³t tro...",https://salt.tikicdn.com/cache/280x280/ts/product/a3/43/1b/6742c7363ddf7907d41de10cf7448adf.jpg,4,0,0
55669191,"ÄÃ¨n Pixar, ÄÃ¨n Há»c Chá»‘ng Cáº­n Thá»‹, ÄÃ¨n Äá»c SÃ¡ch, ÄÃ¨n LÃ m Viá»‡c Äá»ƒ BÃ n Chá»‘ng ChÃ³i Máº¯t LÃ³a Máº¯t Báº£o Vá»‡ Máº¯t - HÃ ng ChÃ­nh HÃ£ng",189000,"ÄÃ¨n Pixar, ÄÃ¨n Há»c Chá»‘ng Cáº­n Thá»‹ PixarÄÃ¨n Äá»c SÃ¡ch, ÄÃ¨n LÃ m Viá»‡c Äá»ƒ BÃ n Chá»‘ng ChÃ³i Máº¯t LÃ³a Máº¯t Báº£o Vá»‡ Máº¯tÂ ThÆ°Æ¡ng Hiá»‡u UY TÃN, CHáº¤T LÆ¯á»¢NG ÄÆ°á»£c NgÆ°á»i TiÃªu DÃ¹ng BÃ¬nh Chá»n Nhiá»u NÄƒmTHÃ”NG Sá» KÄ¨ THUáº¬T ...",https://salt.tikicdn.com/cache/280x280/ts/product/9c/3d/f3/06cbf97623c2011dc12e49060496da5d.jpg,4,0,0
68716605,Dao LÃ m Báº¿p Äa NÄƒng Sunhouse KS-KN165KS,73000,"Thiáº¿t káº¿ sang trá»ng, tinh táº¿Dao LÃ m Báº¿p Äa NÄƒng Sunhouse KS-KN165KS Ä‘Æ°á»£c thiáº¿t káº¿ Ä‘Æ¡n giáº£n vá»›i mÃ u báº¡c sÃ¡ng bÃ³ng, khÃ´ng chá»‰ há»— trá»£ tá»‘i Ä‘a cho cÃ´ng viá»‡c báº¿p nÃºc mÃ  cÃ²n gÃ³p pháº§n mang Ä‘áº¿n váº» trang nhÃ£, ...",https://salt.tikicdn.com/cache/280x280/ts/product/a1/3b/fe/d86bcc9e720ecd5380de33352227a7fa.jpeg,4,0,0
13309367,á»” Ä‘iá»‡n thÃ´ng minh cÃ³ 6 phÃ­ch cáº¯m 3 cá»•ng USB (Giao MÃ u Ngáº«u NhiÃªn),49900,- LÆ¯U Ã :Â - á»” ÄIá»†N XAN LÃ CHá»ˆ DÃ™NG ÄÆ¯á»¢C CHÃ‚N Cáº®M Dáº¸P - á»” ÄIá»†N CÃ“ CHÃ‚N TRÃ’N KO Cáº®M ÄÆ¯á»¢C NHA - Cáº®M VÃ€O Sáº¼ Bá»Š DÃNH KO THÃO ÄCÂ Sáº£n pháº©m Ä‘Æ°á»£c sáº£n xuáº¥t sáº£n xuáº¥t trÃªn dÃ¢y truyá»n hiá»‡n Ä‘áº¡i cá»§a ThÃ¡i LanSáº£n ...,https://salt.tikicdn.com/cache/280x280/ts/product/79/c6/e3/9fed16f8fc6e2eb782886b82f4f2da57.jpg,4,0,0
144752155,KhÄƒn lau Ä‘a nÄƒng H600 KhÄƒn lau tay bÃ¡t Ä‘Ä©a nhÃ  báº¿p váº£i má»m má»‹n tháº¥m nÆ°á»›c siÃªu nhanh tiá»‡n lá»£i an toÃ n,1000,"Cicico Store cam káº¿t : - BÃ¡n hÃ ng Ä‘Ãºng mÃ´ táº£ - 1 Ä‘á»•i 1 trong 7 ngÃ y - Báº£o hÃ nh 12 thÃ¡ng vá»›i sáº£n pháº©m Ä‘Æ°á»£c báº£o hÃ nhTHÃ”NG TIN Sáº¢N PHáº¨M: KhÄƒn lau Ä‘a nÄƒngKÃ­ch thÆ°á»›c : 25*25cm, 27*16cmTÃªn sáº£n pháº©m: KhÄƒn l...",https://salt.tikicdn.com/cache/280x280/ts/product/97/80/93/999d023aa1da06b7fbd241762a84bc23.jpg,4,0,0
35905855,"CÃ¢y Lau NhÃ  Pva Lock&Lock ETM481 - PP, 33 x 6 x 132 cm - MÃ u Tráº¯ng",293000,"Äáº·c Ä‘iá»ƒm ná»•i báº­tCÃ¢y Lau NhÃ  PVA Lock&Lock - PP, 33 x 6 x 132 cm - MÃ u Tráº¯ng CÃ¢y lau nhÃ  lau sáº¡ch cÃ¡c loáº¡i cháº¥t lá»ng nhÆ° sá»¯a, cÃ  phÃª.CÃ¡c rÃ£nh cá»±c nhá» trÃªn bá» máº·t xá»‘p PVA gom sáº¡ch hoÃ n toÃ n nhá»¯ng...",https://salt.tikicdn.com/cache/280x280/ts/product/b3/f7/97/2927541b55f4e1088d740751978bd6e1.jpg,4,0,0
58002786,VÃ²i bÆ¡m dÃ¢y dáº«n nÆ°á»›c rá»­a chÃ©n gáº¯n cháº­u rá»­a Hobby home decor NRC2 Ä‘áº§u bÆ¡m inox 304 cÃ³ van 1 chiá»u gáº¯n chai nÆ°á»›c rá»­a chÃ©n,167000,VÃ²i bÆ¡m dÃ¢y dáº«n nÆ°á»›c rá»­a chÃ©n gáº¯n cháº­u rá»­a Hobby home decor NRC2 Ä‘áº§u bÆ¡m inox 304 cÃ³ van 1 chiá»u gáº¯n chai nÆ°á»›c rá»­a chÃ©n\ThÃ´ng tin ká»¹ thuáº­tVÃ²i xá»‹t Inox 304 khÃ´ng rá»‰ sÃ©tPhá»¥ kiá»‡n á»‘ng dÆ°á»›i báº±ng nhá»±...,https://salt.tikicdn.com/cache/280x280/ts/product/db/f9/af/1fc87472ffa68dbb39e2c2a38e85d531.jpg,4,0,0
137671794, CÃ¢n Tiá»ƒu Ly NhÃ  Báº¿p Chá»‘ng NÆ°á»›c Cao Cáº¥p Khoáº£ng ChÃ­nh XÃ¡c 1g - 5kg ,165000," CÃ¢n Tiá»ƒu Ly NhÃ  Báº¿p Chá»‘ng NÆ°á»›c Cao Cáº¥p Trá»« BÃ¬ ThÃ´ng Minh Khoáº£ng ChÃ­nh XÃ¡c 1g - 5kg ( HoÃ n tiá»n 10 láº§n náº¿u giao hÃ ng khÃ´ng Ä‘Ãºng mÃ´ táº£, hÃ¬nh áº£nh vÃ  video) Giá»›i Thiá»‡u Sáº£n Pháº©m:  CÃ¢n tiá»ƒu ly ngÃ y cÃ ng Ä‘...",https://salt.tikicdn.com/cache/280x280/ts/product/d1/6b/06/ca762dc63445d97ccc00d56b18f17b62.jpg,4,0,0
71111080,"Ká»‡ Äá»ƒ GiÃ y DÃ©p Inox 5 Táº§ng ChÃ­nh HÃ£ng Amalife, GiÃ¡ Äá»ƒ GiÃ y Inox 5 Táº§ng - Chá»n MÃ u",107000,"Ká»‡ Äá»ƒ GiÃ y DÃ©p Inox 5 Táº§ng ChÃ­nh HÃ£ng Amalife, GiÃ¡ Äá»ƒ GiÃ y Inox 5 Táº§ng - Chá»n MÃ uMÃ´ Táº£ Chi Tiáº¿t - Ká»‡ Äá»ƒ GiÃ y DÃ©p 5 Táº§ng ChÃ­nh HÃ£ng Amalife - Chá»n MÃ u:Ká»‡ Äá»ƒ GiÃ y DÃ©p Inox 5 Táº§ng, GiÃ¡ Äá»ƒ GiÃ y Inox ...",https://salt.tikicdn.com/cache/280x280/ts/product/9f/cf/3d/62f127b7c6bb122e5a41b1fec6750f63.png,4,0,0
195852183,BÃ¬nh giá»¯ nhiá»‡t báº±ng thÃ©p khÃ´ng gá»‰ LocknLock Jumbo Tumbler LHC4300 900ML,434000,"Äáº·c Ä‘iá»ƒm ná»•i báº­tBÃ¬nh giá»¯ nhiá»‡t báº±ng thÃ©p khÃ´ng gá»‰ LocknLock Jumbo Tumbler LHC4300 cÃ³ cáº¥u táº¡o thÃ¢n bÃ¬nh 2 lá»›p inox 304 cao cáº¥p cÃ³ kháº£ nÄƒng cÃ¡ch nhiá»‡t tá»‘t, cá»©ng cÃ¡p, chá»‘ng gá»‰, chá»‘ng mÃ i mÃ²n vÃ  an toÃ n...",https://salt.tikicdn.com/cache/280x280/ts/product/29/de/a1/8fa25afd8f7fdd26f83edd3623b21d10.jpg,4,0,0
3677799,Há»™p 6 LÃµi  Lá»c NÆ°á»›c BRITA Maxtra Plus Filter Cartridge,909000,LÃµi lá»c:Â Maxtra PlusThÆ°Æ¡ng hiá»‡u:Â BRITAMÃ u sáº¯c:Â Tráº¯ngThÆ°Æ¡ng hiá»‡uÂ Ä‘áº¿n tá»« Äá»©cSáº£n xuáº¥t táº¡i Äá»©cKháº£ nÄƒng lá»c lÃªn tá»›i 6 (lÃµi lá»c) x 4 (tuáº§n) =Â 24Â tuáº§nGiÃºp chá»‘ng cáº·n vÃ´iLoáº¡i bá» cÃ¡c cháº¥t lÃ m giáº£m mÃ¹i ...,https://salt.tikicdn.com/cache/280x280/ts/product/6a/46/76/ef41dc3644c01587ac6ba3149c6dfa19.png,4,0,0
48510374,Combo 300 TÃºi Lá»c RÃ¡c SiÃªu Tiá»‡n dá»¥ng cho Bá»“n rá»­a ChÃ©n bÃ¡t,129000,"TÃšI Lá»ŒC RÃC Bá»’N Rá»¬A BÃT GOLDSEEE HÃ€NG VIá»†T NAM CHÃNH HÃƒNGTáº¯c ngháº½n cháº­u rá»­a bÃ¡t chÃ­nh lÃ  viá»‡c cháº­u rá»­a thoÃ¡t nÆ°á»›c cháº­m, hay nÆ°á»›c bá»‹ á»© Ä‘á»ng láº¡i khÃ´ng trÃ´i Ä‘Æ°Æ¡c Ä‘Ã³.MÃ  nguyÃªn nhÃ¢n chá»§ yáº¿u, thÃ¬ váº«n lÃ ...",https://salt.tikicdn.com/cache/280x280/ts/product/2d/1b/3e/aad83b39f035ac192aa211de0bfd02d5.jpg,4,0,0
51476716,"Bá»™ 10 Ä‘Ã´i Ä‘Å©a inox 304 - 316 DandiHome 2020 chá»‘ng trÆ¡n trÆ°á»£t, sang trá»ng, tinh táº¿",231000,"Sáº£n pháº©m Ä‘Å©a Inox thá»±c sá»± khÃ´ng phá»• biáº¿n á»Ÿ Viá»‡t Nam, Ä‘a pháº§n lÃ­ do má»i ngÆ°á»i khÃ´ng dÃ¹ng vÃ¬Â â€œTRÆ N, KHÃ“ Gáº®Pâ€.Â NhÆ°ng vá»›i Ä‘Å©a Inox 304 / 316 kiá»ƒu má»›i nháº¥t dÆ°á»›i Ä‘Ã¢y cá»§a DandiHome, táº¥t cáº£ sá»± báº¥t tiá»‡n Ä‘Ã³ sáº½...",https://salt.tikicdn.com/cache/280x280/ts/product/9e/00/53/7fd0bc0d6a9c9d2426ace7d23ce8de0d.jpg,4,0,0
696495,á»” Cáº¯m Äiá»‡n 4 Lá»— 3 Cháº¥u 3m Philips SPN1348WB/74 (2500W),346000,"   á»” Cáº¯m Äiá»‡n 4 Lá»— 3 Cháº¥u 3m Philips SPN1348WB/74 (2500W)  gá»“m 4 lá»— cáº¯m 3 chÃ¢n, cÃ³ thá»ƒ sá»­ dá»¥ng Ä‘á»“ng thá»i cho nhiá»u thiáº¿t bá»‹ Ä‘iá»‡n khÃ¡c nhau nhÆ°: quáº¡t, tivi, sáº¡c Ä‘iá»‡n thoáº¡ ráº¥t tiá»‡n         lá»£i.   CÃ´ng...",https://salt.tikicdn.com/cache/280x280/media/catalog/product/1/4/1496217168172_3061380.u2769.d20170624.t162630.692620.jpg,4,0,0
193433927,ÄÃ¨n BÃ n Há»c Led Äá»c SÃ¡ch LÃ m Viá»‡c Há»c Táº­p Báº£o Vá»‡ Máº¯t Chá»‘ng Cáº­n - 2 Trá»¥c ÄÃ¨n Chiáº¿u SÃ¡ng - Gáº¥p Gá»n Tiá»‡n Lá»£i ,699000,Äáº·c Ä‘iá»ƒm ná»•i báº­t:Cháº¡m trÆ°á»£t Ä‘iá»u chá»‰nh 5 cáº¥p Ä‘á»™ sÃ¡ngCháº¿ Ä‘á»™ háº¹n giá» thÃ´ng minh 45 phÃºtCháº¿ Ä‘á»™ Ä‘á»c sÃ¡ch 4000KPháº§n Ä‘áº¿ xoay trÃ²n 180ÂºPháº§n Ä‘Ã¨n xoay trÃ¡i pháº£i lÃªn xuá»‘ng 180Âº60 háº¡t Ä‘Ã¨n Led vá»›i cÃ´ng suáº¥t 5W ...,https://salt.tikicdn.com/cache/280x280/ts/product/43/82/13/ef9ffb263c9f1a23e463908a3a1e68ae.jpg,4,0,0
210760574,CÃ¢y lau nhÃ  tá»± váº¯t thÃ´ng minh sá»£i microfiber,429000,"*ThÃ´ng sá»‘ ká»¹ thuáº­t:ThÆ°Æ¡ng hiá»‡u : MyJaeMÃ u sáº¯c : XÃ¡mCháº¥t liá»‡u :á»ng thiáº¿c trÃ¡ng nhá»±a, nhá»±a, polyesterKÃ­ch thÆ°á»›c: Chiá»u dÃ i cÃ¢y lau: 128cm, BÃ´ng lau: 33,5 x 10,5cmBao gá»“m: 1* cÃ¢y lau nhÃ , 2* bÃ´...",https://salt.tikicdn.com/cache/280x280/ts/product/4e/48/4c/bc518844edcdf4410df032b5359621a3.png,4,0,0
45300792,"Äá»“ng há»“ bÃ¡o thá»©c Ä‘iá»‡n tá»­ Ä‘á»ƒ bÃ n mÃ n hÃ¬nh Ä‘a chá»©c nÄƒng thá»i gian, lá»‹ch, bÃ¡o thá»©c, nhiá»‡t Ä‘á»™ DH89",95000,"MÃ” Táº¢ Sáº¢N PHáº¨MÄá»“ng há»“ bÃ¡o thá»©c Ä‘iá»‡n tá»­ thÃ´ng minh Ä‘á»ƒ bÃ n miniÄá»“ng há»“ Ä‘iá»‡n tá»­ Ä‘á»ƒ bÃ n nhiá»u mÃ u sáº¯c.5 phÃ¢n loáº¡i: DH89 Xanh DÆ°Æ¡ng, DH89 Tráº¯ng, DH89 Xanh LÃ¡, DH89 Äen, DH89 Há»“ngÄa chá»©c nÄƒng: Hiá»ƒn th...",https://salt.tikicdn.com/cache/280x280/ts/product/1e/ff/c6/6d719f90983b4ce5eec478bc8596720a.jpg,4,0,0
52885368,1 Kg tÃºi zip chá»‰ Ä‘á» thÆ°Æ¡ng hiá»‡u Gimex II,69000,"TÃºi zipper Ä‘Ã¡y Ä‘á»©ng dÃ¹ng trong viá»‡c báº£o quáº£n thá»±c pháº©m, Ä‘á»±ng Ä‘á»“ dÃ¹ng trong gia Ä‘Ã¬nh hoáº·c Ä‘Æ°á»£c dÃ¹ng Ä‘á»ƒ Ä‘á»±ng linh kiá»‡n trong cÃ¡c ngÃ nh Ä‘iá»‡n tá»­.Chiáº¿c tÃºi zipper bÃ© nhá» nÃ y sáº½ giÃºp báº¡n phÃ¢n chia hÃ ng hÃ³a,...",https://salt.tikicdn.com/cache/280x280/ts/product/dc/c3/98/0ef644f45deea5817d4bd3671d7a5466.jpg,4,0,0
69929041,"MÃ³c Treo Quáº§n Ão, MÃ³c PhÆ¡i Äá»“ Tráº» Em Inox Káº¹p Chá»‘ng RÆ¡i, MÃ³c Treo Táº¥t, Vá»›, Äá»“ LÃ³t Nhiá»u Kiá»ƒu DÃ¡ng",47000,"MÃ³c treo quáº§n Ã¡o, Ä‘á»“ tráº» em, táº¥t vá»› tiá»‡n lá»£i vá»›i káº¹p chá»‘ng rÆ¡i quáº§n Ã¡o.Cháº¥t liá»‡u Inox cá»©ng cÃ¡p, khÃ´ng rá»‰ sÃ©t.Pháº§n Ä‘áº§u treo cÃ³ khÃ³a gÃ i, giÃºp khÃ´ng bá»‹ rÆ¡i rá»›t ngay cáº£ khi giÃ³ to.Pháº§n káº¹p cÃ³ lÃ² xo cháº¯c ...",https://salt.tikicdn.com/cache/280x280/ts/product/f7/5e/b6/86b5c9392043601a8ebe95cb5533c944.jpg,4,0,0
41430891,á»” KhÃ³a 4 Sá»‘ CÃ³ Äá»•i MÃ£ Chá»¯ U ZR-01,149000,"CÃCH Sá»¬ Dá»¤NG:- ÄÆ°a khÃ³a vá» vá»‹ trÃ­ ban Ä‘áº§u lÃ  0-0-0-0,áº¥n push Ä‘á»ƒ má»Ÿ khÃ³a. Váº·n Ä‘áº§u nÃºm bÃªn pháº£i theo chiá»u kim Ä‘á»“ng há»“, xoay dÃ£y sá»‘ nhÆ° máº­t mÃ£ mÃ¬nh muá»‘n chá»n, sau Ä‘Ã³ váº·n nÃºm vá» vá»‹ trÃ­ ban Ä‘áº§u, váº­y lÃ  Ä‘...",https://salt.tikicdn.com/cache/280x280/ts/product/71/e2/77/f717ef8993809150e9738ba46cd17f46.png,4,0,0
54130086,CÃ¢y lau nhÃ  tá»± váº¯t thÃ´ng minh Ä‘a nÄƒng cao cáº¥p Parroti Magic MG01 - Táº·ng 1 Miáº¿ng Lau,239000,"5 LÃ DO Táº I SAO Báº N GHÃ‰T LAU NHÃ€, ÄÃ‚U LÃ€ GIáº¢I PHÃP?Â 1. Báº¡n máº¥t ráº¥t nhiá»u sá»©c, máº¥t nhiá»u thá»i gian Ä‘á»ƒ lau xong 1 sÃ n nhÃ ?CÃ¢y lau nhÃ  thÃ´ng minh Parroti cÃ³ táº¥m lau cá»±c Ä‘áº¡i (32 x 10 Cm) sáº½ giÃºp báº¡n l...",https://salt.tikicdn.com/cache/280x280/ts/product/d5/88/2a/b63ec031c0439e152b8b382a78bedef7.jpg,4,0,0
55365176,0.5kg tÃºi zipper chá»‰ Ä‘á» Ä‘á»±ng thá»±c pháº©m,39000,"TÃºi zip cÃ³ Ä‘áº·c Ä‘iá»ƒm lÃ  dai, bá»n, Ä‘Æ°á»£c thiáº¿t káº¿ cÃ³ khÃ³a miáº¿t do váº­y ta cÃ³ thá»ƒ dÃ¡n kÃ­n miá»‡ng tÃºi mÃ  khÃ´ng cáº§n dÃ¹ng chun hay dÃ¢y Ä‘á»ƒ buá»™c tÃºiTÃºi zip Ä‘Æ°á»£c dÃ¹ng Ä‘á»ƒ Ä‘á»±ng ráº¥t nhiá»u loáº¡i Ä‘á»“ dÃ¹ng khÃ¡c nhau nh...",https://salt.tikicdn.com/cache/280x280/ts/product/5f/6b/00/da925af1655719bbe0f1d8b5c3768854.jpg,4,0,0
155794592,"Ká»‡ lÃ² vi sÃ³ng Ä‘a nÄƒng ThÃ©p Carbon cao cáº¥p Vando, ká»‡ Ä‘á»ƒ Ä‘á»“ nhÃ  báº¿p siÃªu chá»‹u lá»±c 300kg sÆ¡n tÄ©nh Ä‘iá»‡n chá»‘ng bong trÃ³c, ká»‡ nhÃ  báº¿p ",845000,"TÃNH NÄ‚NG Cá»¦A Ká»† Äá»‚ Äá»’ ÄA NÄ‚NG - GIáº¢I PHÃP CHO KHÃ”NG GIAN:Ká»‡ siÃªu chá»‹u lá»±c 300kg, Ä‘á»ƒ cÃ ng nhiá»u Ä‘á»“ náº·ng ká»‡ cÃ ng Ä‘áº§m cháº¯c cháº¯n hÆ¡n: xoong ná»“i, lÃ² vi sÃ³ng, lÃ² nÆ°á»›ng,...Cháº¥t liá»‡u cá»©ng cÃ¡p, bá»n bá»‰ hÆ¡n ...",https://salt.tikicdn.com/cache/280x280/ts/product/e7/88/09/58dbee4ab35f16c9b9139ea9401fbcd0.jpg,4,0,0
54686184,"Báº¡t Ão TrÃ¹m MÃ¡y Giáº·t Cá»­a TrÃªn, Cá»­a Ngang Váº£i DÃ¹ SiÃªu DÃ y, Chá»‘ng Tháº¥m NÆ°á»›c, KhÃ´ng Phai MÃ u - (Giao MÃ u - Há»a Tiáº¿t Ngáº«u NhiÃªn)",108300,"- VÃ¬ sáº£n pháº©m cÃ³ ráº¥t nhiá»u há»a tiáº¿t nÃªn shop sáº½ giao ngáº«u nhiÃªn nha mong quÃ½ khÃ¡ch thÃ´ng cáº£m cho shop áº¡.- Cháº¥t liá»‡u váº£i dÃ¹ dÃ y cháº¯c, Ä‘á»™ bá»n cao, cÃ³ thá»ƒ giáº·t sáº¡ch vÃ  phÆ¡i náº¯ng mÃ  khÃ´ng bá»‹ phai mÃ u, co...",https://salt.tikicdn.com/cache/280x280/ts/product/38/35/74/8295c0f24546c13c62289a7c496fe098.jpg,4,0,0
85029598,á»” cáº¯m Äiá»‡n Quang ÄQ 002A-02 (3 lá»—),95000,"       TIá»†N Dá»¤NG, Äáº¢M Báº¢O AN TOÃ€N- CHá»ˆ CÃ“ THá»‚ LÃ€ á»” Cáº®M ÄIá»†N QUANG   1/ ÄIá»‚M Äáº¶C BIá»†T Sáº¢N PHáº¨M:   - An toÃ n 99.9% cho ngÆ°á»i dÃ¹ng vá»›i tÃ­nh nÄƒng tá»± ngáº¯t Ä‘iá»‡n khi quÃ¡ táº£i (breaker)   - Báº£o hiá»ƒm trÃ¡...",https://salt.tikicdn.com/cache/280x280/ts/product/4e/58/27/ddd1593532bcb7b732c0d7be0cae7d98.png,4,0,0
7114709,ÄÃ¨n Pin Äá»™i Äáº§u Sunhouse Cá»¡ Nhá» She 5012,77100,"Thiáº¿t káº¿ nhá» gá»n, nháº¹ Ä‘áº§uÄÃ¨n Ä‘á»™i Ä‘áº§u Sunhouse SHE-5012 cá»¡ nhá», cÃ³ thiáº¿t káº¿ nhá» gá»n, nháº¹, dá»… dÃ ng Ä‘á»™i lÃªn Ä‘áº§u má»™t cÃ¡ch trá»±c tiáº¿p, dÃ¢y Ä‘eo co giÃ£n tá»‘t. Äáº·c biá»‡t nÃ³ Ä‘Æ°á»£c tÃ­ch há»£p bá»™ sáº¡c náº±m gá»n trong th...",https://salt.tikicdn.com/cache/280x280/ts/product/42/9f/b7/cf6c0c17557d56df6668389a02d3980a.jpg,4,0,0
56880195,BÃ¬nh nÆ°á»›c Lock&Lock Eco Bottle ABF664 750ml,153000,"Äáº·c Ä‘iá»ƒm ná»•i báº­tBÃ¬nh nÆ°á»›c Lock&Lock Eco Bottle ABF664 750ml khÃ´ng chá»©a cháº¥t BPA nguy hiá»ƒm cho sá»©c khá»e nÃªn an toÃ n khi uá»‘ng.Náº¯p bÃ¬nh cÃ³ dÃ¢y silicone, tiá»‡n lá»£i khi mang theo ra ngoÃ i.Náº¯p cÃ³ gio...",https://salt.tikicdn.com/cache/280x280/media/catalog/producttmp/bf/b5/de/1c4b96354937f32ec2121d3e9ccad430.jpg,4,0,0
71999229,Ná»“i Inox 3 Lá»›p ÄÃ¡y Liá»n Elmich Trimax Classic,533000,"Cháº¥t liá»‡u inox 304 cao cáº¥pNá»“i Inox 3 Lá»›p ÄÃ¡y Liá»n Elmich Trimax ClassicÂ sá»­ dá»¥ng cháº¥t liá»‡u lá»›p trong cÃ¹ng lÃ  inox 304 cao cáº¥p an toÃ n cho thá»±c pháº©m. Inox 304 Ä‘Æ°á»£c kháº³ng Ä‘á»‹nh lÃ  há»£p kim inox tuyá»‡t vá»i,...",https://salt.tikicdn.com/cache/280x280/ts/product/d1/ba/b0/1906bfd95089f54263de26dec5ab4b11.jpg,4,0,0
53973090,"Gháº¿ xáº¿p thÆ° giÃ£n cao cáº¥p SUMIKA 168 - CÃ³ thá»ƒ ngÃ£ thÃ nh giÆ°á»ng náº±m, váº£i lÆ°á»›i Textilene thoÃ¡ng khÃ­, gá»‘i cÃ³ thá»ƒ thÃ¡o rá»i, táº£i trá»ng 300kg, khung gháº¿ báº±ng thÃ©p khÃ´ng gá»‰, Ä‘áº¿ chá»‘ng trÆ°á»£t",1290000,Gháº¿ xáº¿p thÆ° giÃ£n Sumika 168 trá»Ÿ thÃ nh ngÆ°á»i báº¡n quen thuá»™c cá»§a Ä‘Ã´ng Ä‘áº£o gia Ä‘Ã¬nh Viá»‡t Nam. Sáº£n pháº©m cÃ³ thiáº¿t káº¿ hiá»‡n Ä‘áº¡i giÃºp khÃ´ng gian sá»­ dá»¥ng sang trá»ng. Äá»“ng thá»i Ä‘Ã¢y cÅ©ng lÃ  chiáº¿c gháº¿ xáº¿p tiá»‡n lá»£...,https://salt.tikicdn.com/cache/280x280/ts/product/b9/4c/e7/683d89f59d7ddf05e8db51d8b7046479.jpg,4,0,0
35058677,Vá»‰ 5 ViÃªn Pin CR1632 ( CR 1632/5BE x 1 Vá»‰ ) Panasonic Lithium 3 V - HÃ ng ChÃ­nh HÃ£ng,90000,"THÃ”NG Sá» KÄ¨ THUáº¬THiá»‡u Ä‘iá»‡n tháº¿ : 3 VÄáº·c TÃ­nh : Pin LithiumKÃ­ch thÆ°á»›c : 16 x 3,2 mmDÃ¹ng Phá»• Biáº¿n cho Remote Ã´ tÃ´ , xe mÃ¡y , cÃ¢n Ä‘iá»‡n tá»­ , Ä‘á»“ng há»“ , mÃ¡y Ä‘o kÄ© thuáº­tVá»›i cÃ´ng nghá»‡ vÆ°á»£t trá»™i . Pin Pan...",https://salt.tikicdn.com/cache/280x280/ts/product/e7/2a/c0/cce43f321e612f0e60430af9909a4517.png,4,0,0
578967,Cháº£o ÄÃ¡ Chá»‘ng DÃ­nh SiÃªu Bá»n Sunhouse SBD28 28cm,267000,"Cháº£o ÄÃ¡ Chá»‘ng DÃ­nh SiÃªu Bá»n Sunhouse SBD28 28cm vá»›i cháº¥t liá»‡u há»£p kim nhÃ´m dÃ y 3mm phá»§ lá»›p chá»‘ng chÃ­nh an toÃ n vÃ  siÃªu bá»n, khÃ´ng dá»… bong trÃ³c lá»›p chá»‘ng dÃ­nh trÃªn bá» máº·t nhÆ° nhá»¯ng loáº¡i cháº£o khÃ¡c vÃ  Ä‘áº·...",https://salt.tikicdn.com/cache/280x280/media/catalog/producttmp/80/7a/ff/928b9582e874ca56928a5ea5e6e808a5.jpg,4,0,0
141246639,Há»™p giá»¯ nhiá»‡t Ä‘á»±ng Ä‘á»“ Äƒn cÃ³ tay cáº§m Handle Food Jar LocknLock 700ml,412000,Há»™p giá»¯ nhiá»‡t Ä‘á»±ng Ä‘á»“ Äƒn cÃ³ tay cáº§m Handle Food Jar LocknLock cÃ³ tay cáº§m dá»… dÃ ng Ä‘á»ƒ xÃ¡ch Ä‘i vÃ  cÃ³ thá»ƒ gáº¥p gá»n khi khÃ´ng dÃ¹ng Ä‘áº¿n.Há»™p Ä‘á»±ng nhá» tiá»‡n lá»£i Ä‘á»ƒ chá»©a Ä‘á»“ Äƒn Ä‘i kÃ¨m hoáº·c nÆ°á»›c sá»‘t.Mu...,https://salt.tikicdn.com/cache/280x280/ts/product/3d/41/7a/a67b60f07f07dafc859d69724766cf48.jpg,4,0,0
106208909,"Ã” dÃ¹ che mÆ°a cá»¡ lá»›n tá»± Ä‘á»™ng Ä‘Ã³ng má»Ÿ, gáº¥p gá»n tiá»‡n lá»£i - Thiáº¿t káº¿ má»Ÿ ngÆ°á»£c chá»‘ng Æ°á»›t khi má»Ÿ, gáº­p - ChÃ­nh hÃ£ng NIKITA",159000,"Ã” dÃ¹ che mÆ°a cá»¡ lá»›n tá»± Ä‘á»™ng Ä‘Ã³ng má»Ÿ, gáº¥p gá»n tiá»‡n lá»£iÂ  Â ChÃ­nh hÃ£ng NIKITAKÃ­ch thÆ°á»›c gáº¥p gá»n nhá» gá»n: 34cm x 7cm ( CÃ³ tÃºi cáº¥t chá»‘ng tháº¥m nÆ°á»›c kÃ¨m theo )KÃ­ch thÆ°á»›c sá»­ dá»¥ng rá»™ng rÃ£i cÃ³ thá»ƒ sá»­ dá»¥ng cho...",https://salt.tikicdn.com/cache/280x280/ts/product/3a/02/22/114037374e12f0ba1e84a71eb1d33d7f.jpg,4,0,0
217714140,"MÃ³c DÃ¡n TÆ°á»ng INOX 304 Treo Äá»“ náº·ng, Treo Thá»›t, Ná»“i NiÃªu Treo Äá»“ Äa NÄƒng [CHá»NG NÆ¯á»šC, CHá»NG Rá»ˆ] DÃ¡n Má»i Bá» Máº·t",15000,"MÃ³c DÃ¡n TÆ°á»ng INOX 304 Treo Äá»“ náº·ng, Treo Thá»›t, Ná»“i NiÃªu Treo Äá»“ Äa NÄƒng [CHá»NG NÆ¯á»šC, CHá»NG Rá»ˆ] DÃ¡n Má»i Bá» Máº·t(HoÃ n tiá»n 10 láº§n náº¿u giao hÃ ng khÃ´ng Ä‘Ãºng mÃ´ táº£ vÃ  há»‰nh áº£nh vÃ  video)Â Giá»›i Thiá»‡u Sáº£n Pháº©...",https://salt.tikicdn.com/cache/280x280/ts/product/d0/2b/c7/4b2e2addb42d1329e0b7f1cadf084399.jpg,4,0,0
87873126,"Ão MÆ°a Bá»™ Váº£i DÃ¹, Bá»™ Quáº§n Ão MÆ°a CÃ³ Pháº£n Quang Äá»§ Size, Chá»‘ng Tháº¥m Hiá»‡u Quáº£, PhÃ¹ Há»£p Nam VÃ  Ná»¯, CÃ³ TÃºi Äá»±ng, CÃ³ Lá»±a Chá»n MÃ u Sáº¯c",142500,ÃO MÆ¯A Bá»˜ CAO Cáº¤P CÃ“ PHáº¢N QUANG Äá»¦ SIZECÃ¡ch chá»n Size :2XL: cao tá»« 155cm -170cm hoáº·c náº·ng 45-70kg3XL: cao tá»« 170cm - 185cm hoáº·c náº·ng trÃªn 70kg- Xuáº¥t xá»©: Viá»‡t Nam- Bá»™ gá»“m: Ão (khÃ³a kÃ©o vÃ  nÃºt bÃ³p)...,https://salt.tikicdn.com/cache/280x280/ts/product/1c/b8/50/03e2c13ac01dc3f5b084ece475a48ca4.jpg,4,0,0
51662145,"Keo dÃ¡n siÃªu dÃ­nh X2000 (50g) dÃ¡n gá»—, sáº¯t, sá»©, kim loáº¡i Ä‘a nÄƒng",52000,"1.TÃ­nh nÄƒng Æ°u viá»‡tKeo X2000 lÃ  loáº¡i keo dÃ¡n sáº¯t â€“ keo dÃ¡n kim loáº¡i chuyÃªn dá»¥ng vá»›i thÃ nh pháº§n chÃ­nh lÃ  a-xyannoacrylic axit. ÄÃ¢y lÃ  má»™t thÃ nh pháº§n Ä‘Æ¡n, cÃ³ Ä‘á»™ nhá»›t tháº¥p vÃ  trong suá»‘t. Vá»›i kháº£ nÄƒng gáº¯n...",https://salt.tikicdn.com/cache/280x280/ts/product/cd/41/5a/1aea251a7d3fd4be01eadeffa0c84ee2.jpg,4,0,0
114789036,VÃ²i Dáº«n NÆ°á»›c Rá»­a ChÃ©n Bá»™ Äáº§u VÃ²i Dáº«n BÆ¡m HÃºt Xá»‹t NÆ°á»›c Rá»­a ChÃ©n Dáº§u Rá»­a BÃ¡t Gáº¯n Bá»“n Rá»­a BÃ¡t,74000,       VÃ²i Dáº«n NÆ°á»›c Rá»­a ChÃ©n Bá»™ Äáº§u VÃ²i Dáº«n BÆ¡m HÃºt Xá»‹t NÆ°á»›c Rá»­a ChÃ©n Dáº§u Rá»­a BÃ¡t Gáº¯n Bá»“n Rá»­a BÃ¡t   - Láº¥y dáº§u rá»­a bÃ¡t/xÃ  phÃ²ng dá»… dÃ ng tiá»‡n lá»£i   - KhÃ´ng pháº£i mua tá»«ng chai nhá» nÆ°a mÃ  cÃ³ thá»ƒ dÃ¹n...,https://salt.tikicdn.com/cache/280x280/ts/product/23/80/b0/2aaece8f732722853ac8fbc601a838c8.jpg,4,0,0
58828647,"Xe Ä‘áº©y hÃ ng 4 bÃ¡nh SUMIKA T150 - Khung thÃ©p, tay cáº§m gáº¥p má»Ÿ tiá»‡n lá»£i, táº£i trá»ng 150kg",890000,"Xe Ä‘áº©y hÃ ng SUMIKA T150Â di chuyá»ƒn linh hoáº¡t, dá»… dÃ ng.- T150Â lÃ  dÃ²ng xe Ä‘áº©y hÃ ng Ä‘a nÄƒng 1 táº§ng vá»›i kÃ­ch thÆ°á»›c tiÃªu chuáº©n khi má»Ÿ rá»™ng lÃ  47cmx73cmx86cm (DÃ i x Rá»™ng x Cao), giÃºp báº¡n thao tÃ¡c dá»… dÃ ng vÃ ...",https://salt.tikicdn.com/cache/280x280/ts/product/6f/2d/98/43f81cf4762882f5d88d58b5397bc361.jpg,4,0,0
161225352,"Miáº¿ng dÃ¡n Ä‘á»¡ ká»‡ gá»—, chia ngÄƒn tá»§, khÃ´ng cáº§n Ä‘Ã³ng Ä‘inh",13000,"Miáº¿ng dÃ¡n Ä‘á»¡ ká»‡ gá»—, chia ngÄƒn tá»§, khÃ´ng cáº§n Ä‘Ã³ng Ä‘inhLoáº¡i ÄÆ¡n 7cmx7cm Sá»©c chá»‹u lá»±c 5kg KÃ­ch thÆ°á»›c 7cm * 7cmCháº¥t liá»‡u Keo siÃªu dÃ­nh, nhá»±a PVC PhÃ¹ há»£p Ä‘á»ƒ chia ngÄƒn tá»§ há»“ sÆ¡, tá»§ quáº§n Ã¡o, lÃ m mÃ³c treo ...",https://salt.tikicdn.com/cache/280x280/ts/product/f4/3c/35/c87f19b5b96e4bd24264f529b99d29f7.jpg,4,0,0
134582052,"Äá»†M TRáº¢I SÃ€N, Ná»†M, TOPPER HÃ€NG XUáº¤T NHáº¬T",380000,"       NEÌ£Ì‚M XUAÌ‚ÌT NHAÌ£Ì‚T CHIÌNH HAÌƒNG   KÃ­ch ThÆ°á»›c   - 1m x 2m x 7cm (1ng naÌ†Ì€m) cao cáº¥p dÃ y 9cm   - 1m4 x 2m x 7cm ( 1,2ng naÌ†Ì€m)cao cáº¥p dÃ y 9cm   - 1m6 x 2m x 7cm (2,3ng naÌ†Ì€m) cao cáº¥p dÃ y...",https://salt.tikicdn.com/cache/280x280/ts/product/31/bc/b4/45fdf72e7097219f11e59c854579bb9d.jpg,4,0,0
178068438,"KhÄƒn giÃ¢Ìy cuÃ´Ì£n Ä‘a nÄƒng, lau bÃªÌp, lau kiÌnh, cheÌn baÌt, lau tay (50 khÄƒn/cuÃ´Ì£n, 25cm x25cm) - Parroti Bingo NG01",39900,"KhÄƒn giÃ¢Ìy cuÃ´Ì£n Ä‘a nÄƒng, lau bÃªÌp, lau kiÌnh, lau cheÌn baÌt, lau tay - Parroti Bingo NG01KhÄƒn giÃ¢Ìy cuÃ´Ì£n Ä‘a nÄƒng, lau bÃªÌp, lau kiÌnh, lau cheÌn baÌt, lau tay - Parroti Bingo NG01 vá»›i kháº£ nÄƒng ba...",https://salt.tikicdn.com/cache/280x280/ts/product/1e/1e/90/4a224446b545611a4825c0dd78a5aa67.jpg,4,0,0
48055150,Tháº£m Lau ChÃ¢n Chá»‘ng TrÆ°á»£t SiÃªu Tháº¥m 40x60cm,93000,"Tháº£m Lau ChÃ¢n Chá»‘ng TrÆ°á»£t SiÃªu Tháº¥m 40x60cmKÃ­ch thÆ°á»›c: 40 x 60cmCháº¥t liá»‡u lÃ´ng má»m máº¡i, an toÃ n, máº·t dÆ°á»›i lÃ  lá»›p bÃ¡m sÃ n chá»‘ng trÆ°á»£t.Tháº£m Ä‘Æ°á»£c lÃ m tá»« nhá»¯ng sá»£i váº£i lÃ´ng má»m máº¡i, vá»›i tÃ­nh nÄƒng tháº¥m ...",https://salt.tikicdn.com/cache/280x280/ts/product/49/4a/7f/7b02bf324fb15b0ec289dbaea0265398.jpg,4,0,0
51554889,"Ron DÃ¡n Che Khe Cá»­a ,ChÃ¢n Cá»­a Chá»‘ng GiÃ³ LÃ¹a, Chá»‘ng Bá»¥i VÃ  Chá»‘ng CÃ´n TrÃ¹ng - HÃ ng ChÃ­nh HÃ£ng Cuá»™n 2m",38000,"Ron DÃ¡n Che Khe Cá»­a ,ChÃ¢n Cá»­a Chá»‘ng GiÃ³ LÃ¹a, Chá»‘ng Bá»¥i VÃ  Chá»‘ng CÃ´n TrÃ¹ng - HÃ ng ChÃ­nh HÃ£ng Cuá»™n 2mNgÄƒn bá»¥i rÃ¡c vÃ  cÃ´n trÃ¹ng len vÃ o phÃ²ngSáº£n pháº©m dá»… thÃ¡o láº¯p, tÃ¹y chá»‰nh, khÃ´ng áº£nh hÆ°á»Ÿng Ä‘áº¿n ná»n ...",https://salt.tikicdn.com/cache/280x280/ts/product/36/09/50/9e8602c2944ec5b7534c08d300373555.jpg,4,0,0
19719366,"VÃµng dÃ¹ 2 lá»›p BAN MAI, gá»n nháº¹ 230x145 cm, náº·ng 600gr (Giao mÃ u ngáº«u nhiÃªn)",122000,"VÃµng dÃ¹ 2 lá»›p BAN MAI, tiá»‡n lá»£i khi Ä‘i du lá»‹ch má»i lÃºc má»i nÆ¡iCháº¥t liá»‡u: Váº£i sá»£i 100% Polyester, may 2 lá»›p, mÃ¡t máº».CÃ³ sáºµn dÃ¢y 2m má»—i Ä‘áº§uKÃ­ch thÆ°á»›c khi sá»­ dá»¥ng: 300 x 145 cm, náº·ng 600grVÃµng dÃ¹: r...",https://salt.tikicdn.com/cache/280x280/ts/product/05/f1/14/6db8d6454ccc30ebce36002085c2fef6.jpg,4,0,0
11203853,"Bá»™ 10 Ä‘inh treo tranh, máº¯c mÃ n loáº¡i 4 chÃ¢n",23000,"Äinh ghim 4 chÃ¢n chuyÃªn dá»¥ng khÃ´ng cáº§n khoan tÆ°á»ng, ghim chuyÃªn dá»¥ng Â Treo khung áº£nh, Treo Ä‘á»“Â Máº¯c mÃ nÂ VÃ´ cÃ¹ng cháº¯c cháº¯n vÃ  tháº©m má»¹, chá»‰ Ä‘á»ƒ láº¡i lá»— nhá» xÃ­u khÃ³ nháº­n biáº¿t trÃªn tÆ°á»ng khi rÃºt ra. KÃ­...",https://salt.tikicdn.com/cache/280x280/ts/product/b7/d2/46/460240252d961f75af698563b069b34f.JPG,4,0,0
110756858,Set 200 GÄƒng Tay Nilon Trong Suá»‘t Sá»­ Dá»¥ng Má»™t Láº§n Tiá»‡n Lá»£i ,29900,"BAO TAY NYLON DÃ™NG 1 Láº¦N Há»˜P 200 CÃIHá»™p 200 CÃ¡i GÄƒng Tay Nilon DÃ¹ng 1 Láº§n SiÃªu Dai Chá»‘ng Tháº¥m NÆ°á»›c Ä‘Æ°á»£c lÃ m báº±ng nhá»±a HDPE cÃ³ Ä‘á»™ bá»n, dai, khÃ³ rÃ¡ch.Â - Äáº·c biá»‡t, cÃ¡c cháº¥t phá»¥ gia thÃªm vÃ o sáº½ giÃºp sáº£n...",https://salt.tikicdn.com/cache/280x280/ts/product/fd/c0/18/21827501ca4b22c577a37ef7656e3fde.jpg,4,0,0
41886085,TÃºi Äá»±ng Ly Giá»¯ Nhiá»‡t Lá»›n 900ml - Nhiá»u Hoa VÄƒn,38000,"TÃºi Äá»±ng Ly Giá»¯ Nhiá»‡t Lá»›n 900ml - Nhiá»u Hoa VÄƒnÄÆ°á»£c thiáº¿t káº¿ dÃ nh cho ly giá»¯ nhiá»‡t 900ml.Cháº¥t liá»‡u dÃ y dáº·n báº£o vá»‡ ly khá»i va Ä‘áº­p, tráº§y xÆ°á»›c.Äá»“ng thá»i cÃ²n giÃºp tÄƒng cÆ°á»ng kháº£ nÄƒng giá»¯ nhiá»‡t.Cháº¥t liá»‡u ...",https://salt.tikicdn.com/cache/280x280/ts/product/55/d9/dc/4d1b80b47bf2bb43ca6be9d961da2172.jpg,4,0,0
54122078,Pin AAAA Energizer E96 BP2,65000,â€¢ Energizer lÃ  nhÃ  sáº£n xuáº¥t tiÃªn phong trong cÃ¡c nhÃ  sáº£n xuáº¥t pin AAAA kiá»m khÃ´ng thá»§y ngÃ¢n (Zero Mercury AAAA Alkaline Battery) an toÃ n cho mÃ´i trÆ°á»ng.â€¢ Tuá»•i thá» bá»n bá»‰ vÃ  liÃªn tá»¥c cáº£i tiáº¿n lÃ  nhá»¯ng ...,https://salt.tikicdn.com/cache/280x280/ts/product/d1/24/06/9bf7c49b18711fdfb80d13c97dcb3cdb.jpg,4,0,0
63133571,Má»n lÃ´ng cá»«u xanh dÆ°Æ¡ng Ä‘Ã¢Ì£m cao cáº¥p A - 1m8x2m,156000,...,https://salt.tikicdn.com/cache/280x280/ts/product/7b/c8/86/f9f54dd5dcdd8eaf7f3fe6130f3c597b.png,4,0,0
22081865,TÃšI ÃO BÃŒNH GIá»® NHIá»†T TIá»†N Lá»¢I,38000,"TÃºi giá»¯ nhiá»‡t tiá»‡n lá»£i dÃ¹ng Ä‘Æ°á»£c cho cáº£ mÃ¹a hÃ¨ vÃ  mÃ¹a Ä‘Ã´ng khi cáº§n giá»¯ áº¥m hay giá»¯ lanh.TÃºi gá»n nháº¹, dá»… dÃ ng mang theo vÃ  cÃ³ thá»ƒ gáº¥p gá»n khi khÃ´ng cáº§n dÃ¹ng tá»›iÂ TÃºi cÃ³ Ä‘á»™ co giÃ£n vÃ  cÃ³ thá»ƒ giáº·t mÃ  khÃ´ng...",https://salt.tikicdn.com/cache/280x280/ts/product/58/af/04/25a3e72ef48409f937dbc13189029cfa.jpg,4,0,0
16166750,ÃO MÆ¯A BIT CÆ  Báº¢N,95000,"Ão mÆ°a Ä‘Æ°á»£c lÃ m báº±ng cháº¥t liá»‡u váº£i dÃ¹ cao cáº¥p nÃªn siÃªu bá»n, Ä‘Æ°á»ng may cháº¯c cháº¯n, xÃ© khÃ´ng Ä‘á»©t, khÃ³ rÃ¡ch.Kiá»ƒu dÃ¡ng gá»n nháº¹, mÃ u sáº¯c thanh lá»‹ch, dá»… dÃ ng gáº¥p gá»n Ä‘á»ƒ báº£o quáº£n.Ão dÃ i (tÃ­nh cáº£ nÃ³n) 138cm ...",https://salt.tikicdn.com/cache/280x280/ts/product/39/f0/b1/eba51b32805e888afb9e65f7bf63c06b.jpg,4,0,0
